doc_id,coder_id,flag,ATT,SN,PBC,SAT,BI
10967c36bf1c2575,coder_01,0,1,0,1,0,0
8a0c01693a06078e,coder_01,0,1,1,1,0,0
6b74a4410b565773,coder_01,0,1,0,1,0,0
80d2dc8fa02b035b,coder_01,0,1,0,0,0,1
e1c011e1c5824e2b,coder_01,0,1,0,0,0,1
595ae6c2ab317dd3,coder_01,0,1,0,1,0,0
f18e70af293c09d8,coder_01,0,1,0,1,0,0
ecfca42fecaa5dd8,coder_01,0,1,1,0,0,1
af424282153ec41c,coder_01,0,1,1,0,0,0
10c95b2b8ff1ace0,coder_01,0,1,0,1,1,0
4304de03891fe91e,coder_01,0,1,0,0,0,0
a00eec23dece34e7,coder_01,0,1,0,1,1,0
7e367c1c14cbf662,coder_01,0,1,1,1,0,0
7da7e72218c1dd7e,coder_01,0,1,0,0,0,0
fae669db48c269d1,coder_01,0,1,0,0,0,0
36cd2e9eeedab2f9,coder_01,0,1,0,1,0,1
c9d6f1eca8cab79a,coder_01,0,1,1,1,1,0
1e4bf232dc0b61e2,coder_01,0,1,0,1,0,1
1e409631373c5f58,coder_01,1,0,0,0,0,0
5aff31c545df15f8,coder_01,0,1,0,0,1,1
89a23a01e4184c6c,coder_01,0,1,0,0,0,1
87fcb9b3c99f519a,coder_01,0,1,1,1,1,0
34550fe0892a0744,coder_01,0,1,1,1,0,0
8fb1b7b7087d0795,coder_01,0,1,0,1,0,0
292d5f2242d01b88,coder_01,0,1,0,0,1,0
95a224b8e545520b,coder_01,0,1,0,1,0,0
a5bf5d227a7ccdc3,coder_01,1,0,0,0,0,0
37554fcd9230a43e,coder_01,0,1,1,1,1,0
34319ba146838fe1,coder_01,1,0,0,0,0,0
a255d0bb9b85dcca,coder_01,0,1,0,0,1,0
6e1eea5cc6c1271b,coder_01,0,1,0,1,0,1
81c4b2a4006aaff0,coder_01,0,1,0,1,0,0
ee2fe95dfd99208e,coder_01,0,1,0,1,0,0
eb8f8392134d87e6,coder_01,0,1,0,0,0,0
99e8e9a6a6ab6773,coder_01,0,1,1,1,0,0
43f4caf2a6c50ac1,coder_01,0,1,1,1,0,0
df55704a494f6716,coder_01,0,1,0,0,0,1
a14753f2981f0a64,coder_01,0,1,0,0,0,0
ad516d7560cf85d2,coder_01,1,0,0,0,0,0
8ce68d41db6a63f7,coder_01,0,1,0,1,0,0
a93593403079284d,coder_01,0,1,0,1,0,0
02179e601a8b6759,coder_01,0,1,0,0,0,0
a130352847cefa08,coder_01,0,1,0,1,0,0
003e9e28e07099b1,coder_01,0,1,0,1,1,1
2197c216e2c6cd0c,coder_01,0,1,0,1,0,0
587e34bbcdef9442,coder_01,0,1,0,1,0,1
d52b6cf8ef3b4a62,coder_01,1,0,0,0,0,0
a93b8cdf1ecb82a7,coder_01,1,0,0,0,0,0
ec3444b55485bba5,coder_01,0,1,0,1,0,1
0f86d5d3ec97b8cc,coder_01,0,1,1,0,0,0
030978aa0e1a51a0,coder_01,0,1,0,0,0,1
d452265f06cabae0,coder_01,0,1,1,1,0,1
b4019d5acb466522,coder_01,0,1,0,1,0,1
95b10c65994e8a5c,coder_01,0,1,1,0,0,0
b78299b18bd704ab,coder_01,0,1,0,1,0,0
e3d2a7ce3ffb85a7,coder_01,0,1,0,1,1,1
44e1b2f91eeaab8a,coder_01,0,1,1,1,1,1
6b1ad46dd8b84357,coder_01,0,1,0,1,1,0
08a746c571990f26,coder_01,0,1,1,1,1,0
89259700a8431f59,coder_01,0,1,0,0,0,1
2b51ec0af4a944c4,coder_01,0,1,0,1,0,1
f4b0a80f11465680,coder_01,0,1,1,1,1,0
947a0f839c2880fc,coder_01,0,1,0,1,0,1
ae2a70482d759436,coder_01,0,1,0,1,1,0
ead8b10fec8ba81d,coder_01,0,1,0,1,0,0
157226c5db056386,coder_01,0,1,0,0,1,0
64804e8210de0e09,coder_01,0,1,0,0,0,0
e907ee7342d795be,coder_01,0,1,0,1,0,1
d37aeb384e0e6645,coder_01,0,1,0,0,0,0
de183aa703cfc176,coder_01,0,1,0,0,1,0
76e376ae80698235,coder_01,0,1,1,1,0,0
759ecc798b6c8129,coder_01,0,1,0,0,0,0
9f40ed971b70aff0,coder_01,0,1,1,0,1,1
a5dfe25af9c62ea6,coder_01,0,1,1,0,1,1
291b71ecfb5da047,coder_01,1,0,0,0,0,0
b316776b79830b28,coder_01,0,1,0,1,0,0
1803225cfd93e040,coder_01,0,1,1,1,0,0
8eea54e37936b266,coder_01,0,1,1,1,0,1
2a60d60c8e4ad553,coder_01,1,0,0,0,0,0
f42b9e6503bd9da8,coder_01,0,1,0,0,0,1
a6af5eb2b68c91a0,coder_01,0,1,0,0,0,0
24cc98c9f10b68d1,coder_01,0,1,0,1,0,1
0e72af0aacecd747,coder_01,0,1,1,0,0,0
0132861d036dd8fc,coder_01,0,1,0,1,0,0
82fce0bcbd272843,coder_01,0,1,0,0,0,1
633c2a3da82a6366,coder_01,0,1,1,1,1,1
7e8bc733bcaebccc,coder_01,1,0,0,0,0,0
b1844a6bf275e2ba,coder_01,1,0,0,0,0,0
abe03cc56c7a33ec,coder_01,0,1,0,1,0,1
526e972a161b57e8,coder_01,0,1,1,1,0,0
a23b38d249b450d9,coder_01,0,1,1,1,0,0
9b08aca7358e6c91,coder_01,1,0,0,0,0,0
a21687854ada7fcd,coder_01,0,1,1,1,0,1
a643ddbae76fab0f,coder_01,0,1,0,0,0,0
45412b48bd2b0dcf,coder_01,0,1,0,0,0,0
ed3bd9bbfc466f8a,coder_01,0,1,0,0,0,0
77e96e084642b034,coder_01,0,1,1,1,1,0
69e602815e0737e1,coder_01,1,0,0,0,0,0
8cbcb667cb69f7c7,coder_01,0,1,0,0,0,1
8ca9605024cde9a9,coder_01,0,1,1,0,0,0
b43f4591d78423a5,coder_01,1,0,0,0,0,0
69e19e12d114e983,coder_01,0,1,0,1,1,1
fe47675f8c32939f,coder_01,1,0,0,0,0,0
483806672e9f89c1,coder_01,0,1,1,1,0,0
80b8db92c3960f15,coder_01,0,1,1,0,0,0
6423876cf017311c,coder_01,0,1,0,0,1,1
406556e6ff5e40db,coder_01,0,1,1,0,0,0
69b7b68ee94e61b4,coder_01,0,1,1,0,0,0
cd92cb24c245aed8,coder_01,0,1,1,0,1,0
d3dd05cb7a7a8780,coder_01,1,0,0,0,0,0
e64f668906dd7bfe,coder_01,0,1,0,1,1,1
4b1f406ff6ed1ca9,coder_01,0,1,0,1,1,1
87e88842b25186d2,coder_01,0,1,1,1,1,0
7ba73216f5de8746,coder_01,0,1,0,1,0,0
610f0aa1d683cc55,coder_01,0,1,1,0,0,0
62284900bf69b8b5,coder_01,0,1,1,0,0,1
e64e34b1c4beedaf,coder_01,0,1,1,0,0,0
aba3732d020df14a,coder_01,0,1,0,1,0,0
ebe57db2e3b35171,coder_01,0,1,1,0,1,0
115a389fa5081a88,coder_01,0,1,1,1,1,0
7f36c0cca28dc489,coder_01,0,1,0,1,0,1
c19facdbed1b5aad,coder_01,0,1,0,1,0,0
2bf77bd37ab6d6fe,coder_01,0,1,0,0,0,0
540c3e98424b22a8,coder_01,0,1,0,0,0,0
a6ea0de9ee6a43c5,coder_01,0,1,0,0,0,0
7789b73215c401c1,coder_01,0,1,1,1,1,1
1803926cb351683d,coder_01,0,1,0,1,1,1
f3e39eb1d3b1d48f,coder_01,0,1,0,0,0,0
cfbc64bd475f2499,coder_01,0,1,1,0,1,0
e8bff19665740b8b,coder_01,0,1,0,1,1,1
b6be0de27561dd3a,coder_01,0,1,0,0,0,0
429231e10a40f726,coder_01,0,1,0,0,1,0
12f9533fda2a47e1,coder_01,0,1,0,0,1,0
5d4ac7cf15a29fda,coder_01,0,1,0,0,0,1
ff019e877229d778,coder_01,0,1,0,1,0,1
478f485441b2e4bd,coder_01,0,1,0,0,0,0
a7410464d4466569,coder_01,0,1,1,1,1,0
92b0fbd57a6de27d,coder_01,0,1,1,1,1,1
d815fd9581444db2,coder_01,0,1,0,0,0,0
d57e987fb824abfd,coder_01,1,0,0,0,0,0
311578408b203797,coder_01,0,1,0,0,0,0
0b17884d1a5f3dd7,coder_01,0,1,0,1,0,0
c7e69ce227252546,coder_01,0,1,1,1,0,1
1bb0ee8b98a35872,coder_01,0,1,0,0,0,0
7c041242bef71758,coder_01,0,1,0,1,0,1
dd0f87a31194bbe1,coder_01,0,1,1,1,0,0
2c886b92be2b3be0,coder_01,0,1,0,1,0,1
defb9991976a5a9a,coder_01,0,1,0,0,1,1
00a7c14684622c60,coder_01,0,1,1,0,0,0
a4911321940a7aee,coder_01,0,1,0,0,0,1
10967c36bf1c2575,coder_02,0,1,0,1,0,0
8a0c01693a06078e,coder_02,0,1,1,1,0,0
6b74a4410b565773,coder_02,0,1,0,1,0,0
80d2dc8fa02b035b,coder_02,0,1,0,0,0,1
e1c011e1c5824e2b,coder_02,0,1,0,0,0,1
595ae6c2ab317dd3,coder_02,0,1,0,1,0,0
f18e70af293c09d8,coder_02,0,1,0,1,0,0
ecfca42fecaa5dd8,coder_02,0,1,1,0,0,1
af424282153ec41c,coder_02,0,1,1,0,0,0
10c95b2b8ff1ace0,coder_02,0,1,0,1,1,0
4304de03891fe91e,coder_02,0,1,0,0,0,0
a00eec23dece34e7,coder_02,0,1,0,1,1,0
7e367c1c14cbf662,coder_02,0,1,1,1,0,0
7da7e72218c1dd7e,coder_02,0,1,0,0,0,0
fae669db48c269d1,coder_02,0,1,0,0,0,0
36cd2e9eeedab2f9,coder_02,0,1,0,1,0,1
c9d6f1eca8cab79a,coder_02,0,1,1,0,0,0
1e4bf232dc0b61e2,coder_02,0,1,0,1,0,1
1e409631373c5f58,coder_02,1,0,0,0,0,0
5aff31c545df15f8,coder_02,0,1,0,0,1,1
89a23a01e4184c6c,coder_02,0,1,0,0,0,1
87fcb9b3c99f519a,coder_02,0,1,1,1,1,0
34550fe0892a0744,coder_02,0,1,1,0,0,0
8fb1b7b7087d0795,coder_02,0,1,0,1,0,0
292d5f2242d01b88,coder_02,0,1,0,0,1,0
95a224b8e545520b,coder_02,0,1,0,1,0,0
a5bf5d227a7ccdc3,coder_02,1,0,0,0,0,0
37554fcd9230a43e,coder_02,0,1,1,1,1,0
34319ba146838fe1,coder_02,1,0,0,0,0,0
a255d0bb9b85dcca,coder_02,0,1,0,0,0,0
6e1eea5cc6c1271b,coder_02,0,1,0,0,0,0
81c4b2a4006aaff0,coder_02,0,1,0,1,0,0
ee2fe95dfd99208e,coder_02,0,1,0,1,0,0
eb8f8392134d87e6,coder_02,0,1,0,0,0,0
99e8e9a6a6ab6773,coder_02,0,1,1,1,0,0
43f4caf2a6c50ac1,coder_02,0,1,1,1,0,0
df55704a494f6716,coder_02,0,1,0,0,0,1
a14753f2981f0a64,coder_02,0,1,0,0,0,0
ad516d7560cf85d2,coder_02,1,0,0,0,0,0
8ce68d41db6a63f7,coder_02,0,1,0,1,0,0
a93593403079284d,coder_02,0,1,0,1,0,0
02179e601a8b6759,coder_02,0,1,0,0,0,0
a130352847cefa08,coder_02,0,1,0,1,0,0
003e9e28e07099b1,coder_02,0,1,0,1,0,1
2197c216e2c6cd0c,coder_02,0,1,0,1,0,0
587e34bbcdef9442,coder_02,0,1,0,1,0,1
d52b6cf8ef3b4a62,coder_02,1,0,0,0,0,0
a93b8cdf1ecb82a7,coder_02,1,0,0,0,0,0
ec3444b55485bba5,coder_02,0,1,0,1,0,1
0f86d5d3ec97b8cc,coder_02,0,1,0,0,0,0
030978aa0e1a51a0,coder_02,0,1,0,0,0,1
d452265f06cabae0,coder_02,0,1,1,1,0,1
b4019d5acb466522,coder_02,0,1,0,1,0,1
95b10c65994e8a5c,coder_02,0,1,1,0,0,0
b78299b18bd704ab,coder_02,0,1,0,0,0,0
e3d2a7ce3ffb85a7,coder_02,0,1,0,1,1,1
44e1b2f91eeaab8a,coder_02,0,1,1,1,1,1
6b1ad46dd8b84357,coder_02,0,1,0,1,1,0
08a746c571990f26,coder_02,0,1,1,1,1,0
89259700a8431f59,coder_02,0,1,0,0,0,1
2b51ec0af4a944c4,coder_02,0,1,0,1,0,1
f4b0a80f11465680,coder_02,0,1,1,1,1,0
947a0f839c2880fc,coder_02,0,1,0,0,0,1
ae2a70482d759436,coder_02,0,1,0,1,1,0
ead8b10fec8ba81d,coder_02,0,1,0,1,0,0
157226c5db056386,coder_02,0,1,0,0,1,0
64804e8210de0e09,coder_02,0,1,0,0,0,0
e907ee7342d795be,coder_02,0,1,0,1,0,1
d37aeb384e0e6645,coder_02,0,1,0,0,0,0
de183aa703cfc176,coder_02,0,1,0,0,1,0
76e376ae80698235,coder_02,0,1,1,1,0,0
759ecc798b6c8129,coder_02,0,1,0,0,0,0
9f40ed971b70aff0,coder_02,0,1,1,0,1,1
a5dfe25af9c62ea6,coder_02,0,1,1,0,1,1
291b71ecfb5da047,coder_02,1,0,0,0,0,0
b316776b79830b28,coder_02,0,1,0,1,0,0
1803225cfd93e040,coder_02,0,1,1,0,0,0
8eea54e37936b266,coder_02,0,1,0,0,0,1
2a60d60c8e4ad553,coder_02,1,0,0,0,0,0
f42b9e6503bd9da8,coder_02,0,1,0,0,0,1
a6af5eb2b68c91a0,coder_02,0,1,0,0,0,0
24cc98c9f10b68d1,coder_02,0,1,0,1,0,1
0e72af0aacecd747,coder_02,0,1,1,0,0,0
0132861d036dd8fc,coder_02,0,1,0,1,0,0
82fce0bcbd272843,coder_02,0,1,0,0,0,1
633c2a3da82a6366,coder_02,0,1,1,1,1,1
7e8bc733bcaebccc,coder_02,1,0,0,0,0,0
b1844a6bf275e2ba,coder_02,1,0,0,0,0,0
abe03cc56c7a33ec,coder_02,0,1,0,1,0,1
526e972a161b57e8,coder_02,0,1,1,1,0,0
a23b38d249b450d9,coder_02,0,1,1,1,0,0
9b08aca7358e6c91,coder_02,1,0,0,0,0,0
a21687854ada7fcd,coder_02,0,1,1,1,0,1
a643ddbae76fab0f,coder_02,0,1,0,0,0,0
45412b48bd2b0dcf,coder_02,0,1,0,0,0,0
ed3bd9bbfc466f8a,coder_02,0,1,0,0,0,0
77e96e084642b034,coder_02,0,1,1,1,1,0
69e602815e0737e1,coder_02,1,0,0,0,0,0
8cbcb667cb69f7c7,coder_02,0,1,0,0,0,1
8ca9605024cde9a9,coder_02,0,1,1,0,0,0
93ad7ccb0813b907,coder_02,0,1,0,1,1,0
5a6f5933f6921c69,coder_02,1,0,0,0,0,0
917530fcbe86bcfd,coder_02,0,1,0,1,1,1
6560e2197eb113e9,coder_02,0,1,0,1,0,1
7105a8c03338c74b,coder_02,0,1,0,0,0,0
6bd190b0865f49ee,coder_02,0,1,0,1,1,0
c27c7bfa28a242ee,coder_02,0,1,0,0,0,0
4ddf1b58e47f50b7,coder_02,0,1,0,1,0,0
30c0d7bb7bbae785,coder_02,0,1,0,0,0,0
d6c01526c9270370,coder_02,0,1,0,0,0,0
95ab5c33a818cbef,coder_02,0,1,1,0,0,1
95a083df180c03f0,coder_02,0,1,0,1,1,0
2bb741a0c2d6760b,coder_02,1,0,0,0,0,0
2a4a0da333293042,coder_02,0,1,0,0,0,0
969621346b5414a6,coder_02,0,1,0,1,1,1
c3e6ef2fed3ce730,coder_02,0,1,0,0,1,0
0d52a9143305e204,coder_02,0,1,0,1,0,0
9a4603c9a2fa194e,coder_02,0,1,0,1,0,1
c0c1bef541647e61,coder_02,0,1,0,1,0,0
4fc86fb866cd37d3,coder_02,0,1,0,1,0,0
036a64394f8d30a5,coder_02,0,1,0,0,0,0
52aadb41ff1ac30f,coder_02,0,1,0,1,0,0
31a104466591b8e6,coder_02,0,1,1,0,0,0
f7815f1f1e17f443,coder_02,0,1,1,0,0,0
b7ca63b3342be509,coder_02,0,1,0,1,0,1
2db024e1a6dc1e3c,coder_02,0,1,0,0,0,0
c0f2d6d80d4a5238,coder_02,1,0,0,0,0,0
ef8c0ecf1d96ae4f,coder_02,0,1,0,0,0,1
833b8972834ca888,coder_02,0,1,1,1,0,1
1997a350becaff52,coder_02,0,1,0,0,1,0
ab644f2e14941153,coder_02,0,1,0,1,0,0
14f6e3baa3c0a2fc,coder_02,0,1,0,0,0,0
a58fc02adff20ddb,coder_02,1,0,0,0,0,0
75818b26d1e426f7,coder_02,0,1,0,1,0,1
0f97aabfdfdd4003,coder_02,0,1,0,1,1,1
4a696e86ef80080e,coder_02,0,1,1,0,0,0
055d0a3c69f69cc0,coder_02,0,1,0,0,0,0
cea74810e85a3d48,coder_02,0,1,1,1,0,0
39c80054fc3c4e76,coder_02,0,1,0,1,1,0
94e420d8c84045b9,coder_02,0,1,0,1,0,1
703fc825618a2682,coder_02,0,1,0,0,0,1
dc45751a432e538f,coder_02,0,1,0,1,0,0
1657cada841bb938,coder_02,0,1,0,0,0,1
761d9bb08b16dc24,coder_02,0,1,0,1,0,0
0929f1f77490c090,coder_02,0,1,0,0,0,1
063f791a1582388d,coder_02,0,1,0,0,0,0
a64eb1183038bf2d,coder_02,0,1,0,1,0,1
26d48b2f884758a9,coder_02,0,1,1,1,1,1
0694fc02b24cd1b2,coder_02,0,1,0,0,0,0
59ca5d3a25816878,coder_02,0,1,0,1,0,0
10967c36bf1c2575,coder_03,0,1,0,1,0,0
8a0c01693a06078e,coder_03,0,1,1,1,0,0
6b74a4410b565773,coder_03,0,1,0,1,0,0
80d2dc8fa02b035b,coder_03,0,1,0,0,0,1
e1c011e1c5824e2b,coder_03,0,1,0,0,0,1
595ae6c2ab317dd3,coder_03,0,1,0,1,0,0
f18e70af293c09d8,coder_03,0,1,0,0,0,0
ecfca42fecaa5dd8,coder_03,0,1,0,0,0,1
af424282153ec41c,coder_03,0,1,0,0,0,0
10c95b2b8ff1ace0,coder_03,0,1,0,0,0,0
4304de03891fe91e,coder_03,0,1,0,1,0,0
a00eec23dece34e7,coder_03,0,1,0,1,0,0
7e367c1c14cbf662,coder_03,0,1,1,1,0,0
7da7e72218c1dd7e,coder_03,0,0,0,0,0,0
fae669db48c269d1,coder_03,0,1,0,1,0,0
36cd2e9eeedab2f9,coder_03,0,1,0,0,0,1
c9d6f1eca8cab79a,coder_03,0,0,1,0,0,0
1e4bf232dc0b61e2,coder_03,0,1,0,1,0,0
1e409631373c5f58,coder_03,1,1,0,0,0,0
5aff31c545df15f8,coder_03,0,1,0,0,0,0
89a23a01e4184c6c,coder_03,0,1,0,0,0,0
87fcb9b3c99f519a,coder_03,0,1,0,1,0,0
34550fe0892a0744,coder_03,0,1,1,0,0,0
8fb1b7b7087d0795,coder_03,0,1,0,1,0,0
292d5f2242d01b88,coder_03,0,1,0,0,0,0
95a224b8e545520b,coder_03,0,1,0,0,0,0
a5bf5d227a7ccdc3,coder_03,1,1,1,0,0,0
37554fcd9230a43e,coder_03,0,1,1,0,0,1
34319ba146838fe1,coder_03,1,0,0,0,0,0
a255d0bb9b85dcca,coder_03,0,1,0,0,0,0
6e1eea5cc6c1271b,coder_03,0,1,0,0,0,0
81c4b2a4006aaff0,coder_03,0,1,1,0,0,0
ee2fe95dfd99208e,coder_03,0,1,1,1,0,0
eb8f8392134d87e6,coder_03,0,1,0,0,0,0
99e8e9a6a6ab6773,coder_03,0,1,0,0,0,0
43f4caf2a6c50ac1,coder_03,0,1,0,1,0,0
df55704a494f6716,coder_03,0,1,0,0,0,1
a14753f2981f0a64,coder_03,0,1,0,0,0,0
ad516d7560cf85d2,coder_03,1,0,0,0,0,0
8ce68d41db6a63f7,coder_03,0,1,0,0,0,0
a93593403079284d,coder_03,0,1,0,1,0,0
02179e601a8b6759,coder_03,0,1,0,0,0,0
a130352847cefa08,coder_03,0,1,0,1,0,0
003e9e28e07099b1,coder_03,0,1,0,0,0,0
2197c216e2c6cd0c,coder_03,0,1,0,1,0,0
587e34bbcdef9442,coder_03,0,1,0,1,0,1
d52b6cf8ef3b4a62,coder_03,1,0,1,0,0,0
a93b8cdf1ecb82a7,coder_03,1,0,0,0,0,0
ec3444b55485bba5,coder_03,0,0,0,0,0,0
0f86d5d3ec97b8cc,coder_03,0,1,0,0,0,0
030978aa0e1a51a0,coder_03,0,1,0,0,0,1
d452265f06cabae0,coder_03,0,1,1,0,0,0
b4019d5acb466522,coder_03,0,1,0,1,0,0
95b10c65994e8a5c,coder_03,0,1,1,0,0,0
b78299b18bd704ab,coder_03,0,1,1,0,0,0
e3d2a7ce3ffb85a7,coder_03,0,1,0,1,0,1
44e1b2f91eeaab8a,coder_03,0,0,0,1,0,1
6b1ad46dd8b84357,coder_03,0,1,0,1,0,0
08a746c571990f26,coder_03,0,1,1,0,1,0
89259700a8431f59,coder_03,0,1,0,0,0,0
2b51ec0af4a944c4,coder_03,0,1,0,0,0,0
f4b0a80f11465680,coder_03,0,1,1,1,0,0
947a0f839c2880fc,coder_03,0,1,0,0,0,1
ae2a70482d759436,coder_03,0,1,0,1,0,0
ead8b10fec8ba81d,coder_03,0,1,0,1,0,0
157226c5db056386,coder_03,0,1,0,0,0,0
64804e8210de0e09,coder_03,0,1,0,0,0,0
e907ee7342d795be,coder_03,0,1,0,1,0,0
d37aeb384e0e6645,coder_03,0,1,0,0,0,0
de183aa703cfc176,coder_03,0,1,0,0,0,0
76e376ae80698235,coder_03,0,1,1,0,0,0
759ecc798b6c8129,coder_03,0,1,0,0,0,0
9f40ed971b70aff0,coder_03,0,0,1,0,0,1
a5dfe25af9c62ea6,coder_03,0,1,0,0,0,1
291b71ecfb5da047,coder_03,1,0,0,0,0,0
b316776b79830b28,coder_03,0,1,0,0,0,0
1803225cfd93e040,coder_03,0,1,1,0,0,0
8eea54e37936b266,coder_03,0,1,0,0,0,0
2a60d60c8e4ad553,coder_03,1,1,1,0,0,1
f42b9e6503bd9da8,coder_03,0,1,0,1,0,1
a6af5eb2b68c91a0,coder_03,0,1,0,0,0,0
24cc98c9f10b68d1,coder_03,0,1,0,0,0,0
0e72af0aacecd747,coder_03,0,1,0,0,0,0
0132861d036dd8fc,coder_03,0,1,1,0,0,0
82fce0bcbd272843,coder_03,0,1,0,0,0,0
633c2a3da82a6366,coder_03,0,1,1,1,1,0
7e8bc733bcaebccc,coder_03,1,1,1,0,1,0
b1844a6bf275e2ba,coder_03,1,1,0,0,0,1
abe03cc56c7a33ec,coder_03,0,1,1,1,0,1
526e972a161b57e8,coder_03,0,1,1,1,0,0
a23b38d249b450d9,coder_03,0,1,1,1,0,0
9b08aca7358e6c91,coder_03,1,1,1,1,0,0
a21687854ada7fcd,coder_03,0,1,1,0,0,1
a643ddbae76fab0f,coder_03,0,1,0,0,0,0
45412b48bd2b0dcf,coder_03,0,1,0,0,0,0
ed3bd9bbfc466f8a,coder_03,0,1,0,0,0,0
77e96e084642b034,coder_03,0,1,1,0,0,0
69e602815e0737e1,coder_03,1,1,0,0,0,0
8cbcb667cb69f7c7,coder_03,0,1,0,0,0,0
8ca9605024cde9a9,coder_03,0,1,0,1,0,0
693599303382a70f,coder_03,0,1,0,0,0,0
2c8e84ffd196701a,coder_03,0,1,0,1,0,0
5589c501547d1133,coder_03,0,1,1,0,1,0
90a6798f72c5a773,coder_03,1,1,1,1,0,0
d9265d93b457e6c7,coder_03,1,1,1,0,0,1
c7b3e91ca82973a0,coder_03,0,1,0,0,0,0
af579f54292b44cd,coder_03,0,1,0,0,0,0
b692216898936dbf,coder_03,0,1,0,1,0,1
13b40829063d5698,coder_03,0,1,1,1,0,0
473268953ccc3571,coder_03,1,1,0,0,0,1
e9bfa98c5f2095c9,coder_03,0,1,0,0,0,0
ced982178a5dcf9b,coder_03,0,1,0,0,0,0
509250d06f10a205,coder_03,0,1,0,0,0,0
893a40566b250b1c,coder_03,0,1,1,0,0,0
2567a1f032b94938,coder_03,0,1,1,0,0,0
02459f7817e05f06,coder_03,1,0,0,1,0,0
574114e12a677b14,coder_03,0,1,0,0,0,1
55aeaf57b58f0e14,coder_03,0,1,0,0,0,0
5b525dd7ecbebe7f,coder_03,0,1,1,1,0,0
0ce90b86d79a4227,coder_03,0,1,1,0,0,1
f69777da16a8d9b9,coder_03,0,1,0,0,0,0
f95ce6274c2061ec,coder_03,0,1,0,0,0,0
0b834643fda8ab21,coder_03,0,1,1,1,0,0
63a0189c9777faaf,coder_03,0,1,0,1,0,0
19c9ff30861c670e,coder_03,0,1,0,1,0,0
af5c95434b6ec1ce,coder_03,0,1,0,0,0,0
bf36071ccc9fece2,coder_03,0,1,1,0,0,0
ac76a2cbe38635ae,coder_03,0,1,0,0,0,0
89597909fbb80804,coder_03,0,1,0,0,0,0
fd5cc70aa5438e28,coder_03,1,0,0,0,0,0
8ee82a69d79468b8,coder_03,0,0,0,0,0,0
8f22b7e630feb493,coder_03,0,1,0,1,0,1
a44c554622ffe5ca,coder_03,1,1,1,0,0,0
9ca7bcee040f45ba,coder_03,1,0,0,0,0,0
73433a94c6ffa3bb,coder_03,0,1,0,1,0,0
6641795a7f04d949,coder_03,1,1,0,1,0,0
8b8adc4067287e4b,coder_03,0,1,1,1,0,0
71acbfa52beab04a,coder_03,0,1,1,0,0,0
74ccfce8aa82b320,coder_03,0,1,0,1,0,0
712996fb56291b09,coder_03,0,1,0,0,0,0
1d7cfa57fde5b16e,coder_03,0,0,0,0,0,0
64d2714bf0620dbe,coder_03,0,1,1,1,0,0
6b62790e339f3e5f,coder_03,0,1,0,1,0,0
ebe08b3322979dac,coder_03,0,1,0,0,0,0
06c9937e7b3c62c3,coder_03,0,1,1,0,0,0
13acddb4179e8ace,coder_03,0,0,1,0,0,0
faf5bab3a3682441,coder_03,0,1,1,0,0,0
9209054ac5fd2ebc,coder_03,0,1,0,0,0,1
ebd4bef324de9769,coder_03,1,1,0,0,0,1
dac118b0c41985a1,coder_03,0,1,1,0,0,0
10967c36bf1c2575,coder_04,0,1,0,1,1,0
8a0c01693a06078e,coder_04,0,1,1,1,0,0
6b74a4410b565773,coder_04,0,1,0,1,1,0
80d2dc8fa02b035b,coder_04,0,1,0,1,0,1
e1c011e1c5824e2b,coder_04,0,1,0,0,1,1
595ae6c2ab317dd3,coder_04,0,1,0,1,0,0
f18e70af293c09d8,coder_04,0,1,0,1,0,0
ecfca42fecaa5dd8,coder_04,0,1,1,1,0,1
af424282153ec41c,coder_04,0,1,1,0,1,0
10c95b2b8ff1ace0,coder_04,0,1,1,1,1,0
4304de03891fe91e,coder_04,0,1,0,0,1,0
a00eec23dece34e7,coder_04,0,1,0,1,1,0
7e367c1c14cbf662,coder_04,0,1,1,1,0,0
7da7e72218c1dd7e,coder_04,0,0,0,0,0,0
fae669db48c269d1,coder_04,0,0,1,0,0,0
36cd2e9eeedab2f9,coder_04,0,1,0,1,0,1
c9d6f1eca8cab79a,coder_04,0,1,1,1,0,0
1e4bf232dc0b61e2,coder_04,0,1,1,1,1,1
1e409631373c5f58,coder_04,1,1,0,0,1,1
5aff31c545df15f8,coder_04,0,1,0,0,1,1
89a23a01e4184c6c,coder_04,0,1,0,0,1,1
87fcb9b3c99f519a,coder_04,0,1,0,1,1,0
34550fe0892a0744,coder_04,0,1,1,1,1,0
8fb1b7b7087d0795,coder_04,0,1,0,1,1,0
292d5f2242d01b88,coder_04,0,1,0,0,1,0
95a224b8e545520b,coder_04,0,1,0,0,0,0
a5bf5d227a7ccdc3,coder_04,1,1,1,1,0,0
37554fcd9230a43e,coder_04,0,1,1,1,1,0
34319ba146838fe1,coder_04,1,1,1,1,1,1
a255d0bb9b85dcca,coder_04,0,1,0,1,1,0
6e1eea5cc6c1271b,coder_04,0,1,1,1,1,1
81c4b2a4006aaff0,coder_04,0,1,1,1,1,0
ee2fe95dfd99208e,coder_04,0,1,1,1,1,0
eb8f8392134d87e6,coder_04,0,1,0,1,1,0
99e8e9a6a6ab6773,coder_04,0,1,1,1,0,0
43f4caf2a6c50ac1,coder_04,0,1,0,1,1,0
df55704a494f6716,coder_04,0,1,0,1,0,1
a14753f2981f0a64,coder_04,0,1,0,1,1,0
ad516d7560cf85d2,coder_04,1,1,0,1,1,0
8ce68d41db6a63f7,coder_04,0,1,0,1,1,0
a93593403079284d,coder_04,0,1,0,1,1,0
02179e601a8b6759,coder_04,0,1,0,0,1,0
a130352847cefa08,coder_04,0,1,1,1,1,0
003e9e28e07099b1,coder_04,0,1,0,1,0,1
2197c216e2c6cd0c,coder_04,0,1,0,1,1,0
587e34bbcdef9442,coder_04,0,1,0,1,1,1
d52b6cf8ef3b4a62,coder_04,1,1,0,1,0,0
a93b8cdf1ecb82a7,coder_04,1,1,1,1,1,1
ec3444b55485bba5,coder_04,0,1,0,1,1,1
0f86d5d3ec97b8cc,coder_04,0,1,0,0,1,0
030978aa0e1a51a0,coder_04,0,1,0,0,1,1
d452265f06cabae0,coder_04,0,1,1,1,1,1
b4019d5acb466522,coder_04,0,1,1,1,1,1
95b10c65994e8a5c,coder_04,0,1,1,1,1,0
b78299b18bd704ab,coder_04,0,1,0,1,1,0
e3d2a7ce3ffb85a7,coder_04,0,1,0,1,1,1
44e1b2f91eeaab8a,coder_04,0,1,0,1,1,1
6b1ad46dd8b84357,coder_04,0,1,0,1,1,0
08a746c571990f26,coder_04,0,1,1,0,1,0
89259700a8431f59,coder_04,0,1,0,0,1,1
2b51ec0af4a944c4,coder_04,0,1,0,1,1,1
f4b0a80f11465680,coder_04,0,1,1,1,1,0
947a0f839c2880fc,coder_04,0,1,0,1,1,1
ae2a70482d759436,coder_04,0,1,0,1,1,0
ead8b10fec8ba81d,coder_04,0,1,0,1,1,0
157226c5db056386,coder_04,0,1,0,1,1,0
64804e8210de0e09,coder_04,0,1,0,1,1,0
e907ee7342d795be,coder_04,0,1,0,1,1,1
d37aeb384e0e6645,coder_04,0,1,0,1,1,0
de183aa703cfc176,coder_04,0,1,0,0,1,0
76e376ae80698235,coder_04,0,1,1,1,1,0
759ecc798b6c8129,coder_04,0,1,0,0,1,0
9f40ed971b70aff0,coder_04,0,1,1,1,1,1
a5dfe25af9c62ea6,coder_04,0,1,0,1,1,1
291b71ecfb5da047,coder_04,1,1,0,0,0,0
b316776b79830b28,coder_04,0,1,0,1,1,0
1803225cfd93e040,coder_04,0,1,1,0,1,0
8eea54e37936b266,coder_04,0,1,0,1,1,1
2a60d60c8e4ad553,coder_04,1,1,1,1,1,1
f42b9e6503bd9da8,coder_04,0,1,0,1,1,1
a6af5eb2b68c91a0,coder_04,0,1,0,0,1,0
24cc98c9f10b68d1,coder_04,0,1,0,1,0,1
0e72af0aacecd747,coder_04,0,1,0,0,1,0
0132861d036dd8fc,coder_04,0,1,1,1,1,0
82fce0bcbd272843,coder_04,0,1,0,1,1,1
633c2a3da82a6366,coder_04,0,1,1,1,1,1
7e8bc733bcaebccc,coder_04,1,0,1,0,0,0
b1844a6bf275e2ba,coder_04,1,1,0,1,1,1
abe03cc56c7a33ec,coder_04,0,1,0,1,1,1
526e972a161b57e8,coder_04,0,1,1,1,0,0
a23b38d249b450d9,coder_04,0,1,1,1,1,0
9b08aca7358e6c91,coder_04,1,1,1,1,1,0
a21687854ada7fcd,coder_04,0,1,1,1,1,1
a643ddbae76fab0f,coder_04,0,1,0,0,1,0
45412b48bd2b0dcf,coder_04,0,1,0,0,1,0
ed3bd9bbfc466f8a,coder_04,0,1,0,0,1,0
77e96e084642b034,coder_04,0,1,1,1,1,0
69e602815e0737e1,coder_04,1,1,0,1,1,1
8cbcb667cb69f7c7,coder_04,0,1,1,1,0,1
8ca9605024cde9a9,coder_04,0,1,0,1,1,0
091b61942dffb784,coder_04,0,1,0,1,0,1
7ab168a2238884e7,coder_04,0,1,0,0,1,0
4a9659679d39e894,coder_04,0,1,1,0,1,0
1697fa2d01e47577,coder_04,0,1,1,1,1,0
8b58989bf06720be,coder_04,0,1,0,1,0,1
6b363273c71304f6,coder_04,0,1,1,1,0,0
b624f4ff10243771,coder_04,0,1,0,1,0,0
80219744f5c5fbb2,coder_04,0,1,1,0,0,0
c6cbe07a2c8522c4,coder_04,0,1,0,1,0,0
845a24e46ce951ae,coder_04,0,1,0,1,0,1
c8a89061b4d5536a,coder_04,0,1,0,0,0,1
3475ce6a61307eff,coder_04,0,1,1,1,0,0
932cc2857a0472f6,coder_04,0,1,1,0,0,0
0eff9422bdf9d817,coder_04,0,1,0,0,0,0
27647753b6914f91,coder_04,0,1,0,0,1,1
058136ae8c747e7f,coder_04,0,1,0,1,0,1
b9f6c3aec8864788,coder_04,0,1,1,1,0,0
1fc2e275babe7597,coder_04,0,1,1,0,1,0
e5c0145e2c7f4458,coder_04,0,1,0,1,0,0
1820f020d783829f,coder_04,0,1,0,1,1,1
e7f141d635aca699,coder_04,0,1,1,0,1,0
a353632fe49178b0,coder_04,0,1,0,1,0,1
5ae158ebaf52a027,coder_04,0,1,0,0,0,0
2623ec5fa72e48c6,coder_04,0,1,0,1,1,0
9ec854b8817bd88d,coder_04,0,1,1,0,1,0
890adb56993efc6c,coder_04,1,1,1,0,0,0
2def5fe7ceeebf27,coder_04,1,0,0,1,0,0
7ac67c2aeff0c453,coder_04,0,1,0,1,0,1
3e1d8d12f033a427,coder_04,0,1,0,1,1,0
80eaf6e80a9757fe,coder_04,0,1,0,0,1,0
40648751a1ac4f2b,coder_04,0,1,0,1,1,0
7f629dce7f63d035,coder_04,0,1,0,1,0,0
ce44ef4c9c5ccb79,coder_04,0,1,1,1,0,0
009b07cd5ea86ceb,coder_04,1,1,1,0,1,0
6ffa16b437af481e,coder_04,0,1,0,1,0,1
c89d28227fe55c25,coder_04,0,1,0,0,0,0
dd95d41ef305e027,coder_04,0,0,0,0,0,0
aac75dafdb8e1f58,coder_04,0,1,0,1,1,0
b6422a283e528704,coder_04,0,1,0,0,0,0
397dde981772345c,coder_04,1,1,0,1,1,1
d843c4cf3d44295a,coder_04,0,1,0,1,0,0
48749ba9e32ddf25,coder_04,0,1,1,1,1,1
56c75fff900bfb8e,coder_04,1,1,1,0,1,0
8e6cdf2d2569a510,coder_04,0,1,1,0,0,1
8d55973d900811b5,coder_04,0,1,0,1,0,0
0b7cb37a968a4dfa,coder_04,0,1,0,1,1,1
284db35bd4329940,coder_04,0,1,1,0,1,0
0a08a1cac37b683a,coder_04,0,1,1,0,0,0
7b1f4921a5853779,coder_04,0,1,0,1,0,0
6a19289c3b300da7,coder_04,1,1,0,0,0,0
10967c36bf1c2575,coder_05,0,1,0,1,0,0
8a0c01693a06078e,coder_05,0,1,1,1,0,0
6b74a4410b565773,coder_05,0,1,0,1,0,0
80d2dc8fa02b035b,coder_05,0,1,0,1,0,1
e1c011e1c5824e2b,coder_05,0,1,0,1,0,1
595ae6c2ab317dd3,coder_05,0,1,0,1,0,0
f18e70af293c09d8,coder_05,0,1,0,1,0,0
ecfca42fecaa5dd8,coder_05,0,1,1,1,0,1
af424282153ec41c,coder_05,0,1,1,1,0,0
10c95b2b8ff1ace0,coder_05,0,1,0,1,0,0
4304de03891fe91e,coder_05,0,1,0,1,0,0
a00eec23dece34e7,coder_05,0,1,0,1,0,0
7e367c1c14cbf662,coder_05,0,1,1,1,0,0
7da7e72218c1dd7e,coder_05,0,1,0,1,0,0
fae669db48c269d1,coder_05,0,1,1,1,0,0
36cd2e9eeedab2f9,coder_05,0,1,1,1,0,1
c9d6f1eca8cab79a,coder_05,0,1,1,1,0,0
1e4bf232dc0b61e2,coder_05,0,1,0,1,0,1
1e409631373c5f58,coder_05,1,1,0,1,0,1
5aff31c545df15f8,coder_05,0,1,0,1,1,1
89a23a01e4184c6c,coder_05,0,1,0,1,0,1
87fcb9b3c99f519a,coder_05,0,1,1,1,1,0
34550fe0892a0744,coder_05,0,1,1,1,0,0
8fb1b7b7087d0795,coder_05,0,1,0,1,0,0
292d5f2242d01b88,coder_05,0,1,0,1,1,0
95a224b8e545520b,coder_05,0,1,0,1,0,0
a5bf5d227a7ccdc3,coder_05,1,1,1,1,0,0
37554fcd9230a43e,coder_05,0,1,1,1,1,0
34319ba146838fe1,coder_05,1,1,0,1,0,1
a255d0bb9b85dcca,coder_05,0,1,0,1,0,0
6e1eea5cc6c1271b,coder_05,0,1,0,1,0,1
81c4b2a4006aaff0,coder_05,0,1,1,1,0,0
ee2fe95dfd99208e,coder_05,0,1,0,1,1,0
eb8f8392134d87e6,coder_05,0,1,0,1,0,0
99e8e9a6a6ab6773,coder_05,0,1,1,1,0,0
43f4caf2a6c50ac1,coder_05,0,1,0,1,0,0
df55704a494f6716,coder_05,0,1,0,1,0,1
a14753f2981f0a64,coder_05,0,1,0,1,0,0
ad516d7560cf85d2,coder_05,1,1,0,1,0,0
8ce68d41db6a63f7,coder_05,0,1,0,1,0,0
a93593403079284d,coder_05,0,1,0,1,0,0
02179e601a8b6759,coder_05,0,1,0,1,0,0
a130352847cefa08,coder_05,0,1,0,1,0,0
003e9e28e07099b1,coder_05,0,1,0,1,0,1
2197c216e2c6cd0c,coder_05,0,1,0,1,0,0
587e34bbcdef9442,coder_05,0,1,0,1,0,1
d52b6cf8ef3b4a62,coder_05,1,1,0,1,0,0
a93b8cdf1ecb82a7,coder_05,1,1,1,1,1,1
ec3444b55485bba5,coder_05,0,1,0,1,0,1
0f86d5d3ec97b8cc,coder_05,0,1,1,1,0,0
030978aa0e1a51a0,coder_05,0,1,0,1,0,1
d452265f06cabae0,coder_05,0,1,1,1,0,1
b4019d5acb466522,coder_05,0,1,0,1,1,1
95b10c65994e8a5c,coder_05,0,1,1,1,0,0
b78299b18bd704ab,coder_05,0,1,1,1,0,0
e3d2a7ce3ffb85a7,coder_05,0,1,0,1,1,1
44e1b2f91eeaab8a,coder_05,0,1,1,1,1,1
6b1ad46dd8b84357,coder_05,0,1,0,1,1,0
08a746c571990f26,coder_05,0,1,1,1,1,0
89259700a8431f59,coder_05,0,1,0,1,0,1
2b51ec0af4a944c4,coder_05,0,1,0,1,0,1
f4b0a80f11465680,coder_05,0,1,1,1,0,0
947a0f839c2880fc,coder_05,0,1,0,1,0,1
ae2a70482d759436,coder_05,0,1,0,1,1,0
ead8b10fec8ba81d,coder_05,0,1,0,1,0,0
157226c5db056386,coder_05,0,1,1,1,1,0
64804e8210de0e09,coder_05,0,1,0,1,0,0
e907ee7342d795be,coder_05,0,1,0,1,0,1
d37aeb384e0e6645,coder_05,0,1,0,1,0,0
de183aa703cfc176,coder_05,0,1,0,1,1,0
76e376ae80698235,coder_05,0,1,1,1,0,0
759ecc798b6c8129,coder_05,0,1,0,1,0,0
9f40ed971b70aff0,coder_05,0,1,1,1,1,1
a5dfe25af9c62ea6,coder_05,0,1,1,1,0,1
291b71ecfb5da047,coder_05,1,1,0,1,0,0
b316776b79830b28,coder_05,0,1,0,1,0,0
1803225cfd93e040,coder_05,0,1,1,1,0,0
8eea54e37936b266,coder_05,0,1,0,1,0,1
2a60d60c8e4ad553,coder_05,1,1,1,1,0,1
f42b9e6503bd9da8,coder_05,0,1,0,1,0,1
a6af5eb2b68c91a0,coder_05,0,1,0,1,0,0
24cc98c9f10b68d1,coder_05,0,1,0,1,0,1
0e72af0aacecd747,coder_05,0,1,1,1,0,0
0132861d036dd8fc,coder_05,0,1,1,1,0,0
82fce0bcbd272843,coder_05,0,1,0,1,0,1
633c2a3da82a6366,coder_05,0,1,1,1,1,1
7e8bc733bcaebccc,coder_05,1,1,1,1,0,0
b1844a6bf275e2ba,coder_05,1,1,0,1,0,1
abe03cc56c7a33ec,coder_05,0,1,0,1,0,1
526e972a161b57e8,coder_05,0,1,1,1,0,0
a23b38d249b450d9,coder_05,0,1,1,1,0,0
9b08aca7358e6c91,coder_05,1,1,1,1,1,0
a21687854ada7fcd,coder_05,0,1,1,1,0,1
a643ddbae76fab0f,coder_05,0,1,0,0,0,0
45412b48bd2b0dcf,coder_05,0,1,0,1,0,0
ed3bd9bbfc466f8a,coder_05,0,1,0,1,0,0
77e96e084642b034,coder_05,0,1,1,1,1,0
69e602815e0737e1,coder_05,1,1,0,1,0,1
8cbcb667cb69f7c7,coder_05,0,1,0,1,1,1
8ca9605024cde9a9,coder_05,0,1,1,1,0,0
72345b764fb7f8a8,coder_05,0,1,0,1,0,1
34ef3f4b24e4e9c6,coder_05,0,1,0,1,0,1
fd375070eaa192cc,coder_05,0,1,0,1,0,1
50bafa1f7c36006b,coder_05,0,1,0,1,0,0
f0fb0fc73ee286eb,coder_05,0,1,1,1,0,0
f6be6787d958c833,coder_05,1,1,0,1,1,1
54156a058122ab69,coder_05,1,1,0,1,1,0
4e14a7bfd5fa01e8,coder_05,0,1,0,1,1,0
ecc60c04ef384ffc,coder_05,1,1,1,1,1,0
243fab856fcb9106,coder_05,0,1,0,1,1,0
7d36851bffd630df,coder_05,0,1,0,1,0,1
ee484523615422f9,coder_05,0,1,0,1,1,0
2210cdda65f5d08c,coder_05,0,1,1,1,0,0
36848bf459bdb499,coder_05,0,1,0,1,0,0
42224234d4ca120e,coder_05,0,1,0,1,0,1
3a3c35b6f07ebd31,coder_05,0,1,1,1,0,1
4e1d9543d5d7b9ba,coder_05,0,1,0,1,1,0
fa77ad0329820aa5,coder_05,0,1,1,1,0,0
2739ca5537423553,coder_05,0,1,0,1,0,0
3f152b759ba2fd96,coder_05,0,1,0,0,0,1
6a90d86d269f1619,coder_05,0,1,1,1,1,0
28b21bf9b8dec819,coder_05,0,1,1,1,0,0
432fc4506e697735,coder_05,0,1,0,1,0,1
5033b7996afdf1e5,coder_05,0,1,1,1,0,0
9bdcba3d101287e4,coder_05,0,1,0,1,0,0
18988ed7ed381340,coder_05,0,1,1,1,0,1
7ec67badf1311a4d,coder_05,0,1,0,1,0,0
43a986242eeb1cab,coder_05,0,1,1,1,0,0
c449e9c8464460a7,coder_05,0,1,0,1,0,0
c35789d29e1c9c3e,coder_05,0,1,1,1,1,1
3509b5e0cd4e3127,coder_05,0,1,1,1,0,0
983255136f15f5d4,coder_05,0,1,1,1,0,0
e51c730bac31abd0,coder_05,0,1,0,1,0,0
7bbacd8b61d398c7,coder_05,0,1,0,1,0,0
12a3d84c816f73f6,coder_05,0,1,0,1,0,1
bcd89f044345835d,coder_05,0,1,1,1,0,0
947b35783713ae0e,coder_05,0,1,0,1,0,0
bbd67263aa0df3cf,coder_05,0,1,0,1,0,1
61717df242dbef8a,coder_05,0,1,0,1,1,0
975afdc14dbfd822,coder_05,0,1,1,1,0,1
1e5835047db558cf,coder_05,0,1,0,1,0,0
3d00214f2166e6f5,coder_05,0,1,0,1,0,1
657c38035ab9803a,coder_05,0,1,0,1,0,0
e04f61cb06445da8,coder_05,0,1,0,1,0,1
57883d5f991508e0,coder_05,0,1,0,1,1,0
845d294de551e8ea,coder_05,0,1,1,1,0,0
b761c69ddb1912ae,coder_05,0,1,1,1,0,1
4dd20ab2c4d5a252,coder_05,0,1,0,1,0,0
d7be4082c007d3d3,coder_05,0,1,0,0,1,1
a077edc8091473af,coder_05,1,1,0,1,0,1
10967c36bf1c2575,coder_06,0,1,0,1,1,0
8a0c01693a06078e,coder_06,0,1,1,1,1,0
6b74a4410b565773,coder_06,0,1,0,0,1,0
80d2dc8fa02b035b,coder_06,0,1,0,0,0,1
e1c011e1c5824e2b,coder_06,0,1,0,1,1,1
595ae6c2ab317dd3,coder_06,0,1,0,1,1,0
f18e70af293c09d8,coder_06,0,1,0,1,1,0
ecfca42fecaa5dd8,coder_06,0,1,1,1,1,1
af424282153ec41c,coder_06,0,1,1,1,1,0
10c95b2b8ff1ace0,coder_06,0,1,0,0,1,0
4304de03891fe91e,coder_06,0,1,1,1,1,0
a00eec23dece34e7,coder_06,0,1,1,1,1,0
7e367c1c14cbf662,coder_06,0,1,1,1,1,0
7da7e72218c1dd7e,coder_06,0,0,0,0,0,0
fae669db48c269d1,coder_06,0,1,0,1,0,0
36cd2e9eeedab2f9,coder_06,0,1,0,1,1,1
c9d6f1eca8cab79a,coder_06,0,1,1,1,1,0
1e4bf232dc0b61e2,coder_06,0,1,0,1,1,1
1e409631373c5f58,coder_06,1,1,0,0,1,1
5aff31c545df15f8,coder_06,0,1,0,1,1,1
89a23a01e4184c6c,coder_06,0,1,0,1,1,1
87fcb9b3c99f519a,coder_06,0,1,0,1,1,0
34550fe0892a0744,coder_06,0,1,1,1,1,0
8fb1b7b7087d0795,coder_06,0,1,0,1,1,0
292d5f2242d01b88,coder_06,0,1,0,0,1,0
95a224b8e545520b,coder_06,0,1,0,0,1,0
a5bf5d227a7ccdc3,coder_06,1,1,1,1,1,0
37554fcd9230a43e,coder_06,0,1,1,1,1,1
34319ba146838fe1,coder_06,1,1,1,1,1,1
a255d0bb9b85dcca,coder_06,0,1,1,0,1,0
6e1eea5cc6c1271b,coder_06,0,1,0,0,1,1
81c4b2a4006aaff0,coder_06,0,1,1,1,1,0
ee2fe95dfd99208e,coder_06,0,1,0,0,1,0
eb8f8392134d87e6,coder_06,0,1,0,1,1,0
99e8e9a6a6ab6773,coder_06,0,1,1,0,1,1
43f4caf2a6c50ac1,coder_06,0,1,0,1,1,0
df55704a494f6716,coder_06,0,1,1,1,1,1
a14753f2981f0a64,coder_06,0,1,0,1,1,0
ad516d7560cf85d2,coder_06,1,1,0,1,1,0
8ce68d41db6a63f7,coder_06,0,1,0,1,1,0
a93593403079284d,coder_06,0,1,0,1,1,0
02179e601a8b6759,coder_06,0,1,0,0,1,0
a130352847cefa08,coder_06,0,1,0,1,1,0
003e9e28e07099b1,coder_06,0,1,0,1,0,1
2197c216e2c6cd0c,coder_06,0,1,0,1,1,0
587e34bbcdef9442,coder_06,0,1,0,1,1,1
d52b6cf8ef3b4a62,coder_06,1,1,0,1,1,0
a93b8cdf1ecb82a7,coder_06,1,1,1,1,1,1
ec3444b55485bba5,coder_06,0,1,0,0,1,1
0f86d5d3ec97b8cc,coder_06,0,1,0,1,1,0
030978aa0e1a51a0,coder_06,0,1,0,1,1,1
d452265f06cabae0,coder_06,0,1,1,1,1,1
b4019d5acb466522,coder_06,0,1,0,1,1,1
95b10c65994e8a5c,coder_06,0,1,1,0,1,0
b78299b18bd704ab,coder_06,0,1,0,1,1,0
e3d2a7ce3ffb85a7,coder_06,0,1,0,1,1,1
44e1b2f91eeaab8a,coder_06,0,1,0,1,1,1
6b1ad46dd8b84357,coder_06,0,1,0,1,1,0
08a746c571990f26,coder_06,0,1,1,1,1,0
89259700a8431f59,coder_06,0,1,0,1,1,1
2b51ec0af4a944c4,coder_06,0,1,0,1,1,1
f4b0a80f11465680,coder_06,0,1,1,1,1,0
947a0f839c2880fc,coder_06,0,1,0,1,1,1
ae2a70482d759436,coder_06,0,1,0,1,1,0
ead8b10fec8ba81d,coder_06,0,1,0,1,1,0
157226c5db056386,coder_06,0,1,0,1,1,0
64804e8210de0e09,coder_06,0,1,0,1,1,0
e907ee7342d795be,coder_06,0,1,0,1,1,1
d37aeb384e0e6645,coder_06,0,1,0,1,1,0
de183aa703cfc176,coder_06,0,1,0,1,1,0
76e376ae80698235,coder_06,0,1,1,1,1,0
759ecc798b6c8129,coder_06,0,1,0,1,1,0
9f40ed971b70aff0,coder_06,0,1,1,1,1,1
a5dfe25af9c62ea6,coder_06,0,1,0,1,1,1
291b71ecfb5da047,coder_06,1,1,0,0,1,0
b316776b79830b28,coder_06,0,1,0,1,1,0
1803225cfd93e040,coder_06,0,1,1,1,1,0
8eea54e37936b266,coder_06,0,1,0,1,1,1
2a60d60c8e4ad553,coder_06,1,1,1,1,1,1
f42b9e6503bd9da8,coder_06,0,1,0,1,1,1
a6af5eb2b68c91a0,coder_06,0,1,0,1,1,0
24cc98c9f10b68d1,coder_06,0,1,0,1,1,1
0e72af0aacecd747,coder_06,0,1,0,0,1,0
0132861d036dd8fc,coder_06,0,1,0,1,1,0
82fce0bcbd272843,coder_06,0,1,0,1,1,1
633c2a3da82a6366,coder_06,0,1,1,1,1,1
7e8bc733bcaebccc,coder_06,1,1,0,1,0,0
b1844a6bf275e2ba,coder_06,1,1,0,1,1,1
abe03cc56c7a33ec,coder_06,0,1,0,0,1,1
526e972a161b57e8,coder_06,0,1,1,1,1,0
a23b38d249b450d9,coder_06,0,1,1,1,1,0
9b08aca7358e6c91,coder_06,1,1,1,1,1,0
a21687854ada7fcd,coder_06,0,1,1,1,1,1
a643ddbae76fab0f,coder_06,0,1,0,0,1,0
45412b48bd2b0dcf,coder_06,0,1,0,1,1,0
ed3bd9bbfc466f8a,coder_06,0,1,0,0,1,0
77e96e084642b034,coder_06,0,1,1,1,1,0
69e602815e0737e1,coder_06,1,1,0,1,1,1
8cbcb667cb69f7c7,coder_06,0,1,0,1,1,1
8ca9605024cde9a9,coder_06,0,1,0,1,1,0
d2f0345cc5031445,coder_06,0,1,0,0,1,1
926d138bba90825b,coder_06,0,1,1,0,1,1
1fa3fddceffa6672,coder_06,0,1,0,1,0,0
12509e3309b20963,coder_06,0,1,0,0,1,0
7b5d6d64bd843684,coder_06,0,1,0,0,1,1
9bab814600ec5100,coder_06,1,1,0,0,1,1
8d779fcd1ff2659f,coder_06,0,1,0,1,1,0
a8bcf27c23afdf75,coder_06,0,1,0,0,0,1
79b3bd0e020b2843,coder_06,0,1,0,1,1,1
0f3a6e354ae5150b,coder_06,0,1,0,1,1,1
1850605ca29d4ba2,coder_06,0,1,0,0,1,0
151eb0230b93bf71,coder_06,0,1,1,0,0,0
8ce5a2462cc21b9b,coder_06,0,1,1,0,1,1
5ca290ff95cd9049,coder_06,0,1,0,1,1,0
112db47a929309a6,coder_06,0,1,0,0,0,0
a2c05e2dd1e83eb7,coder_06,0,1,1,0,0,0
321f3ff19a738c0b,coder_06,0,1,0,0,1,1
fad860b74802a828,coder_06,0,1,0,1,0,0
f90196a9a30a3c4c,coder_06,0,1,0,1,1,0
5b316aa22634c14e,coder_06,0,0,0,0,0,0
11b1952a55369329,coder_06,0,1,0,0,1,1
3830bcac7edb50df,coder_06,0,1,0,1,1,0
f261465dae53fac4,coder_06,0,1,0,1,1,1
54cce9c7d182f6ca,coder_06,0,1,0,1,1,0
fb243cccb0f5b94e,coder_06,0,1,0,1,1,1
7dd7081cc3995594,coder_06,0,1,1,1,1,1
cf2dff01dbd83722,coder_06,0,1,0,1,1,1
e8a9c1b19b4ecda9,coder_06,0,1,0,0,0,0
c4b4fc1b3bb97047,coder_06,0,1,0,1,1,1
5aad713b75ebb9c0,coder_06,0,1,0,1,1,0
beb86923741eb185,coder_06,0,1,0,1,1,1
67e74c5ef616796a,coder_06,0,1,0,0,1,1
842b288e772385c4,coder_06,0,1,0,1,1,0
05ad3ebb07b7321c,coder_06,0,1,0,0,1,1
86307c852003f85b,coder_06,0,1,0,0,1,0
fba423418a034246,coder_06,1,0,0,0,0,0
16146890efc6974d,coder_06,0,1,1,1,1,1
f5325f6d7943bfa8,coder_06,0,1,1,0,0,0
d7389c7994562d97,coder_06,0,1,0,1,1,1
1ff1a8f4ebbf47ba,coder_06,0,1,0,0,1,1
86984d0775a13017,coder_06,0,1,0,1,1,1
631d7503bcbc77ab,coder_06,0,1,1,0,1,1
44a6199c6fb8f6ea,coder_06,0,1,1,0,0,0
6ca5ce66732a8dec,coder_06,0,0,0,0,0,0
e5ba04f0cfd7463a,coder_06,0,1,0,0,1,0
48830d5c81389b33,coder_06,1,1,1,0,1,1
525a0a66b8dd2738,coder_06,0,1,1,0,0,0
ffbff2ebe1c32e41,coder_06,1,1,1,0,1,1
02c5abc2c6f12a13,coder_06,0,1,1,0,0,0
10967c36bf1c2575,coder_07,0,1,0,1,0,0
8a0c01693a06078e,coder_07,0,1,1,1,0,1
6b74a4410b565773,coder_07,0,1,0,1,0,0
80d2dc8fa02b035b,coder_07,0,1,0,0,0,1
e1c011e1c5824e2b,coder_07,0,1,0,0,0,1
595ae6c2ab317dd3,coder_07,0,1,0,1,0,0
f18e70af293c09d8,coder_07,0,1,0,1,0,0
ecfca42fecaa5dd8,coder_07,0,1,1,0,0,1
af424282153ec41c,coder_07,0,1,0,0,0,0
10c95b2b8ff1ace0,coder_07,0,1,0,1,0,0
4304de03891fe91e,coder_07,0,1,0,0,0,0
a00eec23dece34e7,coder_07,0,1,0,1,0,0
7e367c1c14cbf662,coder_07,0,1,1,1,0,0
7da7e72218c1dd7e,coder_07,0,0,0,0,0,0
fae669db48c269d1,coder_07,0,0,0,0,0,0
36cd2e9eeedab2f9,coder_07,0,1,0,1,0,1
c9d6f1eca8cab79a,coder_07,0,1,1,1,0,0
1e4bf232dc0b61e2,coder_07,0,1,0,1,0,1
1e409631373c5f58,coder_07,1,1,0,0,0,1
5aff31c545df15f8,coder_07,0,1,0,0,1,1
89a23a01e4184c6c,coder_07,0,1,0,0,0,1
87fcb9b3c99f519a,coder_07,0,1,0,1,0,0
34550fe0892a0744,coder_07,0,1,1,0,0,0
8fb1b7b7087d0795,coder_07,0,1,0,1,0,0
292d5f2242d01b88,coder_07,0,1,0,0,1,0
95a224b8e545520b,coder_07,0,1,0,1,0,0
a5bf5d227a7ccdc3,coder_07,1,1,1,1,0,0
37554fcd9230a43e,coder_07,0,1,1,1,0,1
34319ba146838fe1,coder_07,1,1,0,1,0,1
a255d0bb9b85dcca,coder_07,0,1,0,0,0,0
6e1eea5cc6c1271b,coder_07,0,1,0,1,0,1
81c4b2a4006aaff0,coder_07,0,1,1,1,0,1
ee2fe95dfd99208e,coder_07,0,1,0,1,0,0
eb8f8392134d87e6,coder_07,0,1,0,0,0,0
99e8e9a6a6ab6773,coder_07,0,1,1,1,0,0
43f4caf2a6c50ac1,coder_07,0,1,0,1,0,0
df55704a494f6716,coder_07,0,1,0,1,0,1
a14753f2981f0a64,coder_07,0,1,0,0,0,0
ad516d7560cf85d2,coder_07,1,1,0,0,0,0
8ce68d41db6a63f7,coder_07,0,1,0,1,0,0
a93593403079284d,coder_07,0,1,0,1,0,0
02179e601a8b6759,coder_07,0,1,0,0,0,0
a130352847cefa08,coder_07,0,1,0,1,0,0
003e9e28e07099b1,coder_07,0,1,0,1,0,1
2197c216e2c6cd0c,coder_07,0,1,0,1,0,0
587e34bbcdef9442,coder_07,0,1,0,1,0,1
d52b6cf8ef3b4a62,coder_07,1,1,0,1,0,0
a93b8cdf1ecb82a7,coder_07,1,1,1,1,1,1
ec3444b55485bba5,coder_07,0,1,0,1,0,1
0f86d5d3ec97b8cc,coder_07,0,1,0,0,0,0
030978aa0e1a51a0,coder_07,0,1,0,0,0,1
d452265f06cabae0,coder_07,0,1,1,1,0,1
b4019d5acb466522,coder_07,0,1,0,1,0,1
95b10c65994e8a5c,coder_07,0,1,1,0,0,0
b78299b18bd704ab,coder_07,0,1,0,0,0,0
e3d2a7ce3ffb85a7,coder_07,0,1,0,1,1,1
44e1b2f91eeaab8a,coder_07,0,1,0,1,1,1
6b1ad46dd8b84357,coder_07,0,1,0,1,1,0
08a746c571990f26,coder_07,0,1,1,1,1,0
89259700a8431f59,coder_07,0,1,0,0,0,1
2b51ec0af4a944c4,coder_07,0,1,0,1,0,1
f4b0a80f11465680,coder_07,0,1,1,1,0,0
947a0f839c2880fc,coder_07,0,1,0,0,0,1
ae2a70482d759436,coder_07,0,1,0,1,0,0
ead8b10fec8ba81d,coder_07,0,1,0,1,0,0
157226c5db056386,coder_07,0,1,0,0,1,0
64804e8210de0e09,coder_07,0,1,0,0,0,0
e907ee7342d795be,coder_07,0,1,0,1,0,1
d37aeb384e0e6645,coder_07,0,1,0,0,0,0
de183aa703cfc176,coder_07,0,1,0,0,1,0
76e376ae80698235,coder_07,0,1,1,1,0,0
759ecc798b6c8129,coder_07,0,1,0,0,0,0
9f40ed971b70aff0,coder_07,0,1,1,1,0,1
a5dfe25af9c62ea6,coder_07,0,1,0,0,0,1
291b71ecfb5da047,coder_07,1,1,0,0,0,0
b316776b79830b28,coder_07,0,1,0,1,0,0
1803225cfd93e040,coder_07,0,1,1,0,0,0
8eea54e37936b266,coder_07,0,1,0,1,0,1
2a60d60c8e4ad553,coder_07,1,1,1,1,0,1
f42b9e6503bd9da8,coder_07,0,1,0,0,0,1
a6af5eb2b68c91a0,coder_07,0,1,0,0,0,0
24cc98c9f10b68d1,coder_07,0,1,0,1,0,1
0e72af0aacecd747,coder_07,0,1,0,0,0,0
0132861d036dd8fc,coder_07,0,1,0,1,0,0
82fce0bcbd272843,coder_07,0,1,0,0,0,1
633c2a3da82a6366,coder_07,0,1,1,1,0,1
7e8bc733bcaebccc,coder_07,1,0,0,1,0,0
b1844a6bf275e2ba,coder_07,1,1,0,1,0,1
abe03cc56c7a33ec,coder_07,0,1,0,1,0,1
526e972a161b57e8,coder_07,0,1,1,1,0,0
a23b38d249b450d9,coder_07,0,1,1,1,0,0
9b08aca7358e6c91,coder_07,1,1,1,1,0,0
a21687854ada7fcd,coder_07,0,1,1,1,0,1
a643ddbae76fab0f,coder_07,0,1,0,0,0,0
45412b48bd2b0dcf,coder_07,0,1,0,0,0,0
ed3bd9bbfc466f8a,coder_07,0,1,0,0,0,0
77e96e084642b034,coder_07,0,1,1,1,0,0
69e602815e0737e1,coder_07,1,1,0,1,0,1
8cbcb667cb69f7c7,coder_07,0,1,0,0,0,1
8ca9605024cde9a9,coder_07,0,1,0,1,0,0
e665634d30c239e6,coder_07,1,1,1,1,0,1
5a096fbbf9165170,coder_07,0,1,0,1,0,0
15187669f0945d0a,coder_07,0,1,0,0,0,0
9229646389005b0d,coder_07,0,1,1,1,0,0
1f206a90ae53fa24,coder_07,0,1,0,1,0,0
f78139d0c97df944,coder_07,0,1,0,0,0,0
4bc88c4c9a6ecc8b,coder_07,0,1,0,1,0,1
8aaf0ba65884f116,coder_07,0,0,0,0,0,0
b42362ff457eefb3,coder_07,0,1,0,1,0,0
1661f12ae18c9d8e,coder_07,0,1,1,1,0,0
2c76b302c8115d4b,coder_07,0,1,0,1,0,0
c95ca5784779f40a,coder_07,0,1,0,0,1,0
45b763218974084f,coder_07,0,1,0,0,0,1
b5b3ea74af6049e4,coder_07,0,1,0,0,0,0
fd1d8d262aad71a0,coder_07,0,1,0,0,0,0
e32c427d26f94ccf,coder_07,1,1,0,1,0,0
49519893c317a1a7,coder_07,0,1,0,1,0,0
6dcc836a72fc3057,coder_07,0,1,1,1,0,0
0ec18327a7ed95fc,coder_07,0,1,0,1,0,1
ff3ebbf0edc9a177,coder_07,0,1,1,1,0,0
d8547a6b5fd3d3fb,coder_07,0,1,0,0,0,0
a0ee543b6cd0c1b7,coder_07,0,1,0,1,0,0
90aca822ed377a37,coder_07,1,1,1,1,0,0
4355e850f8148baf,coder_07,0,1,0,0,0,0
b86ac943f0ac249c,coder_07,0,1,1,1,0,0
c4876a0e1c172484,coder_07,0,1,0,0,0,1
b999b322a45fe22f,coder_07,0,1,0,1,0,1
0da89ed6a4ccb825,coder_07,0,1,0,1,0,1
fdd53442f6d91706,coder_07,0,1,0,0,0,0
cfe5c146bcc15ab1,coder_07,0,1,0,0,0,0
78cc4d95983766b0,coder_07,0,1,0,1,0,1
552c03353db6a37e,coder_07,1,1,0,1,0,1
71fc59d98ab8abce,coder_07,0,1,0,1,0,0
075df893cac68fae,coder_07,0,1,0,1,0,0
0de07906f9d010ad,coder_07,0,1,0,1,1,1
ac5bfc4f969ed2cc,coder_07,0,1,0,1,0,1
eb9b86479464a110,coder_07,0,1,0,0,1,0
c9f24855b28b5e81,coder_07,0,1,1,0,0,1
4d514c0aa2fef60c,coder_07,0,1,0,1,0,1
1833d97b090725bb,coder_07,1,1,1,1,0,0
652870333fa9a051,coder_07,0,1,0,0,1,0
0425083f51db1d6d,coder_07,0,1,1,1,1,0
b2c648d0b9651ab4,coder_07,0,1,0,1,0,1
2d8afdfb00071e19,coder_07,0,1,1,1,0,0
d0df05d8eda342af,coder_07,0,1,0,1,1,1
af56ae503ff89db2,coder_07,0,1,0,1,0,0
448ff7d2609d1a28,coder_07,0,0,0,1,0,0
4289e3004374a6a4,coder_07,0,1,0,0,0,0
366a39c0a5464bab,coder_07,0,1,0,1,0,0
63fca546adaef305,coder_07,0,1,1,1,0,0
10967c36bf1c2575,coder_08,0,1,0,1,0,0
8a0c01693a06078e,coder_08,0,1,1,1,0,0
6b74a4410b565773,coder_08,0,1,0,1,0,0
80d2dc8fa02b035b,coder_08,0,1,0,0,0,1
e1c011e1c5824e2b,coder_08,0,1,0,0,0,1
595ae6c2ab317dd3,coder_08,0,1,0,1,0,0
f18e70af293c09d8,coder_08,0,1,0,1,0,0
ecfca42fecaa5dd8,coder_08,0,1,1,0,0,1
af424282153ec41c,coder_08,0,1,1,0,0,0
10c95b2b8ff1ace0,coder_08,0,1,0,1,1,0
4304de03891fe91e,coder_08,0,1,0,0,0,0
a00eec23dece34e7,coder_08,0,1,0,1,1,0
7e367c1c14cbf662,coder_08,0,1,1,1,0,0
7da7e72218c1dd7e,coder_08,0,1,0,0,0,0
fae669db48c269d1,coder_08,0,1,0,0,0,0
36cd2e9eeedab2f9,coder_08,0,1,0,1,0,1
c9d6f1eca8cab79a,coder_08,0,1,1,1,1,0
1e4bf232dc0b61e2,coder_08,0,1,0,1,0,1
1e409631373c5f58,coder_08,1,0,0,0,0,0
5aff31c545df15f8,coder_08,0,1,0,0,1,1
89a23a01e4184c6c,coder_08,0,1,0,0,0,1
87fcb9b3c99f519a,coder_08,0,1,1,1,1,0
34550fe0892a0744,coder_08,0,1,1,0,0,0
8fb1b7b7087d0795,coder_08,0,1,0,1,0,0
292d5f2242d01b88,coder_08,0,1,0,0,1,0
95a224b8e545520b,coder_08,0,1,0,1,0,0
a5bf5d227a7ccdc3,coder_08,1,0,0,0,0,0
37554fcd9230a43e,coder_08,0,1,1,1,1,0
34319ba146838fe1,coder_08,1,0,0,0,0,0
a255d0bb9b85dcca,coder_08,0,1,0,0,1,0
6e1eea5cc6c1271b,coder_08,0,1,0,1,0,0
81c4b2a4006aaff0,coder_08,0,1,0,1,0,0
ee2fe95dfd99208e,coder_08,0,1,0,1,0,0
eb8f8392134d87e6,coder_08,0,1,0,0,0,0
99e8e9a6a6ab6773,coder_08,0,1,1,1,0,0
43f4caf2a6c50ac1,coder_08,0,1,1,1,0,0
df55704a494f6716,coder_08,0,1,0,0,0,1
a14753f2981f0a64,coder_08,0,1,0,0,0,0
ad516d7560cf85d2,coder_08,1,0,0,0,0,0
8ce68d41db6a63f7,coder_08,0,1,0,1,0,0
a93593403079284d,coder_08,0,1,0,1,0,0
02179e601a8b6759,coder_08,0,1,0,0,0,0
a130352847cefa08,coder_08,0,1,0,1,0,0
003e9e28e07099b1,coder_08,0,1,0,1,1,1
2197c216e2c6cd0c,coder_08,0,1,0,1,0,0
587e34bbcdef9442,coder_08,0,1,0,1,0,1
d52b6cf8ef3b4a62,coder_08,1,0,0,0,0,0
a93b8cdf1ecb82a7,coder_08,1,0,0,0,0,0
ec3444b55485bba5,coder_08,0,1,0,1,0,1
0f86d5d3ec97b8cc,coder_08,0,1,0,0,0,0
030978aa0e1a51a0,coder_08,0,1,0,0,0,1
d452265f06cabae0,coder_08,0,1,1,1,0,1
b4019d5acb466522,coder_08,0,1,0,1,0,1
95b10c65994e8a5c,coder_08,0,1,1,0,0,0
b78299b18bd704ab,coder_08,0,1,0,0,0,0
e3d2a7ce3ffb85a7,coder_08,0,1,0,1,1,1
44e1b2f91eeaab8a,coder_08,0,1,1,1,1,1
6b1ad46dd8b84357,coder_08,0,1,0,1,1,0
08a746c571990f26,coder_08,0,1,1,1,1,0
89259700a8431f59,coder_08,0,1,0,0,0,1
2b51ec0af4a944c4,coder_08,0,1,0,1,0,1
f4b0a80f11465680,coder_08,0,1,1,1,1,0
947a0f839c2880fc,coder_08,0,1,0,0,0,1
ae2a70482d759436,coder_08,0,1,0,1,1,0
ead8b10fec8ba81d,coder_08,0,1,0,1,0,0
157226c5db056386,coder_08,0,1,0,0,1,0
64804e8210de0e09,coder_08,0,1,0,0,0,0
e907ee7342d795be,coder_08,0,1,0,1,0,1
d37aeb384e0e6645,coder_08,0,1,0,0,0,0
de183aa703cfc176,coder_08,0,1,0,0,1,0
76e376ae80698235,coder_08,0,1,1,1,0,0
759ecc798b6c8129,coder_08,0,1,0,0,0,0
9f40ed971b70aff0,coder_08,0,1,1,0,1,1
a5dfe25af9c62ea6,coder_08,0,1,0,0,1,1
291b71ecfb5da047,coder_08,1,0,0,0,0,0
b316776b79830b28,coder_08,0,1,0,1,0,0
1803225cfd93e040,coder_08,0,1,1,0,0,0
8eea54e37936b266,coder_08,0,1,0,0,0,1
f42b9e6503bd9da8,coder_08,0,1,0,0,0,1
a6af5eb2b68c91a0,coder_08,0,1,0,0,0,0
24cc98c9f10b68d1,coder_08,0,1,0,1,0,1
0e72af0aacecd747,coder_08,0,1,1,0,0,0
0132861d036dd8fc,coder_08,0,1,0,1,0,0
82fce0bcbd272843,coder_08,0,1,0,0,0,1
633c2a3da82a6366,coder_08,0,1,1,1,1,1
7e8bc733bcaebccc,coder_08,1,0,0,0,0,0
b1844a6bf275e2ba,coder_08,1,0,0,0,0,0
abe03cc56c7a33ec,coder_08,0,1,0,1,0,1
526e972a161b57e8,coder_08,0,1,1,1,0,0
a23b38d249b450d9,coder_08,0,1,1,1,0,0
9b08aca7358e6c91,coder_08,1,0,0,0,0,0
a21687854ada7fcd,coder_08,0,1,1,1,0,1
a643ddbae76fab0f,coder_08,0,1,0,0,0,0
45412b48bd2b0dcf,coder_08,0,1,0,0,0,0
ed3bd9bbfc466f8a,coder_08,0,1,0,0,0,0
77e96e084642b034,coder_08,0,1,1,1,1,0
69e602815e0737e1,coder_08,1,0,0,0,0,0
8cbcb667cb69f7c7,coder_08,0,1,0,0,0,1
8ca9605024cde9a9,coder_08,0,1,1,0,0,0
b8fed77d6ff9c3d4,coder_08,0,1,1,0,0,1
9e360450a2d72654,coder_08,0,1,0,0,0,0
29f30ddc197181e9,coder_08,0,1,0,0,0,0
cace08bc0fb88539,coder_08,0,1,1,1,1,0
57fee75ef73d9fd4,coder_08,1,0,0,0,0,0
1e609803ffb0a252,coder_08,1,0,0,0,0,0
d203054544e8ada0,coder_08,0,1,0,1,0,0
b33aab27704c07cb,coder_08,0,1,0,1,0,1
7e40009df820bd05,coder_08,0,1,0,0,0,0
3c5ab41391fe2347,coder_08,0,1,0,1,0,0
16b573dccec2a201,coder_08,0,1,0,1,0,0
69fb6503eb33da35,coder_08,0,1,0,0,0,1
b1ccb826d24b6dde,coder_08,0,1,0,0,0,0
4032831688deae3c,coder_08,0,1,0,0,0,0
26eae2c592f85ee0,coder_08,0,1,0,1,0,0
158e9586cc28bb28,coder_08,0,1,1,0,0,0
7c8761f86c052321,coder_08,0,1,0,0,0,1
2e1486dd5855f7d9,coder_08,0,1,0,0,0,0
eab40e70269b5783,coder_08,0,1,0,0,0,1
656d96208b11f6e5,coder_08,0,1,0,0,0,0
9b56bbb4d8e203d6,coder_08,0,1,0,0,0,0
17c374e4e11d66ed,coder_08,0,1,0,1,1,0
231ebb115f79eeed,coder_08,0,1,1,1,0,0
569d6ff8e23ff3af,coder_08,0,1,0,1,0,0
e918f8791b57ce88,coder_08,0,1,0,1,0,0
804d5cfaa72e48cc,coder_08,0,1,0,0,0,1
de03c5f37fce415b,coder_08,0,1,1,1,0,1
f01fb8f33f3bce12,coder_08,0,1,0,1,1,1
7410c7dbcc7c67a5,coder_08,0,1,0,0,0,1
0f45d13e26af3a95,coder_08,1,0,0,0,0,0
dec753eb83295ac5,coder_08,0,1,0,1,0,0
86176440a036d61e,coder_08,0,1,0,0,0,0
1c8a567c8fca1f3b,coder_08,0,1,0,0,1,0
414f8089afd3430e,coder_08,0,1,0,1,0,1
33ffa53fe7587a61,coder_08,0,1,0,1,0,0
66ddee3f06cc81ab,coder_08,0,1,0,1,0,0
6039ade09dfb9a38,coder_08,0,1,0,1,1,0
95615599f99d465d,coder_08,0,1,0,0,1,0
53b0bed69486f04b,coder_08,0,1,0,0,0,1
ca42e577de6ad444,coder_08,0,1,0,1,1,0
a8cfca8da746fad9,coder_08,0,1,1,1,0,0
cdd8766419fcf567,coder_08,0,1,0,1,1,0
af411e27a72c2ffb,coder_08,0,1,0,0,0,1
95d4cdd9014f9d6b,coder_08,0,1,0,1,0,1
ad6d1ef017e4f161,coder_08,0,1,0,1,0,1
77064e4364aef2d2,coder_08,0,1,1,1,1,0
c687afab2c9e87da,coder_08,0,1,1,0,0,0
f2f4addea79a83f6,coder_08,0,1,0,1,1,0
d273c1f41552971b,coder_08,0,1,0,1,0,0
4956343101d72b49,coder_08,0,1,0,0,0,1
10967c36bf1c2575,coder_09,0,1,0,1,0,0
8a0c01693a06078e,coder_09,0,1,1,1,0,0
6b74a4410b565773,coder_09,0,1,0,1,0,0
80d2dc8fa02b035b,coder_09,0,1,0,0,0,1
e1c011e1c5824e2b,coder_09,0,1,0,0,0,1
595ae6c2ab317dd3,coder_09,0,1,0,1,0,0
f18e70af293c09d8,coder_09,0,1,0,1,0,0
ecfca42fecaa5dd8,coder_09,0,1,1,1,0,1
af424282153ec41c,coder_09,0,1,1,0,0,0
10c95b2b8ff1ace0,coder_09,0,1,0,1,1,0
4304de03891fe91e,coder_09,0,1,0,0,0,0
a00eec23dece34e7,coder_09,0,1,0,1,1,0
7e367c1c14cbf662,coder_09,0,1,1,1,0,0
7da7e72218c1dd7e,coder_09,0,1,0,0,0,0
fae669db48c269d1,coder_09,0,1,0,0,0,0
36cd2e9eeedab2f9,coder_09,0,1,0,1,0,1
c9d6f1eca8cab79a,coder_09,0,1,1,1,1,0
1e4bf232dc0b61e2,coder_09,0,1,0,1,0,1
1e409631373c5f58,coder_09,1,0,0,0,0,0
5aff31c545df15f8,coder_09,0,1,0,0,1,1
89a23a01e4184c6c,coder_09,0,1,0,0,0,1
87fcb9b3c99f519a,coder_09,0,1,1,1,1,0
34550fe0892a0744,coder_09,0,1,1,1,0,0
8fb1b7b7087d0795,coder_09,0,1,0,1,0,0
292d5f2242d01b88,coder_09,0,1,0,0,1,0
95a224b8e545520b,coder_09,0,1,0,1,0,0
a5bf5d227a7ccdc3,coder_09,1,0,0,0,0,0
37554fcd9230a43e,coder_09,0,1,1,1,1,0
34319ba146838fe1,coder_09,1,0,0,0,0,0
a255d0bb9b85dcca,coder_09,0,1,0,0,1,0
6e1eea5cc6c1271b,coder_09,0,1,0,1,0,1
81c4b2a4006aaff0,coder_09,0,1,0,1,0,0
ee2fe95dfd99208e,coder_09,0,1,0,1,0,0
eb8f8392134d87e6,coder_09,0,1,0,0,0,0
99e8e9a6a6ab6773,coder_09,0,1,1,1,0,0
43f4caf2a6c50ac1,coder_09,0,1,1,1,0,0
df55704a494f6716,coder_09,0,1,0,1,0,1
a14753f2981f0a64,coder_09,0,1,1,0,0,0
ad516d7560cf85d2,coder_09,1,0,0,0,0,0
8ce68d41db6a63f7,coder_09,0,1,0,1,0,0
a93593403079284d,coder_09,0,1,0,1,0,0
02179e601a8b6759,coder_09,0,1,0,0,0,0
a130352847cefa08,coder_09,0,1,0,1,0,0
003e9e28e07099b1,coder_09,0,1,0,1,1,1
2197c216e2c6cd0c,coder_09,0,1,0,1,0,0
587e34bbcdef9442,coder_09,0,1,0,1,0,1
d52b6cf8ef3b4a62,coder_09,1,0,0,0,0,0
a93b8cdf1ecb82a7,coder_09,1,0,0,0,0,0
ec3444b55485bba5,coder_09,0,1,0,1,0,1
0f86d5d3ec97b8cc,coder_09,0,1,1,0,0,0
030978aa0e1a51a0,coder_09,0,1,0,0,0,1
d452265f06cabae0,coder_09,0,1,1,1,0,1
b4019d5acb466522,coder_09,0,1,0,1,1,1
95b10c65994e8a5c,coder_09,0,1,1,0,0,0
b78299b18bd704ab,coder_09,0,1,0,1,0,0
e3d2a7ce3ffb85a7,coder_09,0,1,0,1,1,1
44e1b2f91eeaab8a,coder_09,0,1,1,1,1,1
6b1ad46dd8b84357,coder_09,0,1,0,1,1,0
08a746c571990f26,coder_09,0,1,1,1,1,0
89259700a8431f59,coder_09,0,1,0,0,0,1
2b51ec0af4a944c4,coder_09,0,1,0,1,0,1
f4b0a80f11465680,coder_09,0,1,1,1,1,0
947a0f839c2880fc,coder_09,0,1,0,1,0,1
ae2a70482d759436,coder_09,0,1,0,1,1,0
ead8b10fec8ba81d,coder_09,0,1,0,1,0,0
157226c5db056386,coder_09,0,1,0,0,1,0
64804e8210de0e09,coder_09,0,1,0,0,0,0
e907ee7342d795be,coder_09,0,1,0,1,0,1
d37aeb384e0e6645,coder_09,0,1,0,0,0,0
de183aa703cfc176,coder_09,0,1,0,0,1,0
76e376ae80698235,coder_09,0,1,1,1,0,0
759ecc798b6c8129,coder_09,0,1,0,0,0,0
9f40ed971b70aff0,coder_09,0,1,1,1,1,1
a5dfe25af9c62ea6,coder_09,0,1,1,0,1,1
291b71ecfb5da047,coder_09,1,0,0,0,0,0
b316776b79830b28,coder_09,0,1,0,1,0,0
1803225cfd93e040,coder_09,0,1,1,1,0,0
8eea54e37936b266,coder_09,0,1,1,1,0,1
2a60d60c8e4ad553,coder_09,1,0,0,0,0,0
f42b9e6503bd9da8,coder_09,0,1,0,0,0,1
a6af5eb2b68c91a0,coder_09,0,1,0,0,0,0
24cc98c9f10b68d1,coder_09,0,1,0,1,0,1
0e72af0aacecd747,coder_09,0,1,1,0,0,0
0132861d036dd8fc,coder_09,0,1,0,1,0,0
82fce0bcbd272843,coder_09,0,1,0,0,0,1
633c2a3da82a6366,coder_09,0,1,1,1,1,1
7e8bc733bcaebccc,coder_09,1,0,0,0,0,0
b1844a6bf275e2ba,coder_09,1,0,0,0,0,0
abe03cc56c7a33ec,coder_09,0,1,0,1,0,1
526e972a161b57e8,coder_09,0,1,1,1,0,0
a23b38d249b450d9,coder_09,0,1,1,1,0,0
9b08aca7358e6c91,coder_09,1,0,0,0,0,0
a21687854ada7fcd,coder_09,0,1,1,1,0,1
a643ddbae76fab0f,coder_09,0,1,0,0,0,0
45412b48bd2b0dcf,coder_09,0,1,0,0,0,0
ed3bd9bbfc466f8a,coder_09,0,1,0,1,0,0
77e96e084642b034,coder_09,0,1,1,1,1,0
8cbcb667cb69f7c7,coder_09,0,1,0,1,0,1
8ca9605024cde9a9,coder_09,0,1,1,1,0,0
42f4ae8e28ba0e6e,coder_09,0,1,0,0,0,0
68c8bdd3ddde5fa4,coder_09,0,1,1,1,1,1
073caaa812b71f47,coder_09,0,1,0,1,0,1
e6d5518d13d8fb42,coder_09,0,1,0,0,0,0
77f59e37e7d71717,coder_09,1,0,0,0,0,0
3a8548614e4f80f0,coder_09,0,1,0,1,0,0
435a64f2309dcda2,coder_09,0,1,0,1,0,1
a1b58c6079b567f0,coder_09,1,0,0,0,0,0
3f605ad4238e6b69,coder_09,0,1,1,0,0,0
2c151581119152c3,coder_09,0,1,0,1,0,1
bc02d31ed880fa01,coder_09,0,1,0,1,0,0
0edff394b1dc942d,coder_09,0,1,1,1,0,0
edf9fcb7163c1014,coder_09,0,1,0,1,0,1
93a469bb729bd385,coder_09,0,1,1,1,0,0
6faaa136b26922df,coder_09,0,1,0,0,0,1
dca6a6e0065962e2,coder_09,0,1,0,1,0,0
759c7022d785a3a6,coder_09,0,1,0,1,0,0
b939a2bdedd74683,coder_09,0,1,0,0,0,0
d6aebda390d407c3,coder_09,1,0,0,0,0,0
41240f06f09974c6,coder_09,0,1,0,1,0,1
20ea01ae7b1b8496,coder_09,0,1,0,0,0,1
405466b67b0d5c65,coder_09,0,1,1,1,0,0
eb5997a513a3d01f,coder_09,0,1,1,1,0,0
e9d1b9955f471667,coder_09,0,1,0,0,0,1
e504d03127399213,coder_09,0,1,0,1,0,0
0da1f6c78259bc09,coder_09,0,1,0,1,0,0
ad268328da125fd1,coder_09,0,1,0,1,1,0
67cd2bd018c9faac,coder_09,0,1,0,1,0,1
1baaf1b72a0c969e,coder_09,0,1,0,0,1,0
bbec17190023093d,coder_09,0,1,0,1,0,0
ac3fdae9501834a3,coder_09,0,1,1,1,0,0
1be9750122154fdf,coder_09,1,0,0,0,0,0
1f3e5237669b4124,coder_09,0,1,0,1,1,1
5159b0feccd45775,coder_09,0,1,1,0,0,1
321bedcc1eadbb94,coder_09,0,1,1,1,0,1
2398d8c63ed3e564,coder_09,1,0,0,0,0,0
7ac7bd110859a7d4,coder_09,0,1,0,0,1,0
30e89376f5fc14e3,coder_09,0,1,0,0,0,1
c219425926caea76,coder_09,0,1,0,1,0,0
db4d8ab70ea10c42,coder_09,0,1,1,1,0,0
6e39d1bf1c5eba7b,coder_09,0,1,0,0,1,0
e1cd238b2f2f28f2,coder_09,1,0,0,0,0,0
6d311e6fd8bfb11b,coder_09,0,1,1,1,0,1
d9991bb18a854344,coder_09,0,1,0,0,0,0
2aa03c29672362b6,coder_09,0,1,0,1,0,0
23c55dfcfc9a9aad,coder_09,0,1,0,0,1,0
566c63443e70f413,coder_09,0,1,0,1,0,0
fbd976182a7e612b,coder_09,0,1,0,1,0,1
c01201eb7f401c2f,coder_09,0,1,1,1,0,0
3871839b86c17b11,coder_09,0,1,0,0,0,1
10967c36bf1c2575,coder_10,0,1,0,1,0,0
8a0c01693a06078e,coder_10,0,1,1,1,0,0
6b74a4410b565773,coder_10,0,1,0,1,0,0
80d2dc8fa02b035b,coder_10,0,1,0,0,0,1
e1c011e1c5824e2b,coder_10,0,1,0,0,0,1
595ae6c2ab317dd3,coder_10,0,1,0,1,0,0
f18e70af293c09d8,coder_10,0,1,0,1,0,0
ecfca42fecaa5dd8,coder_10,0,1,1,0,0,0
af424282153ec41c,coder_10,0,1,1,0,0,0
10c95b2b8ff1ace0,coder_10,0,1,0,1,1,0
4304de03891fe91e,coder_10,0,1,0,0,0,0
a00eec23dece34e7,coder_10,0,1,0,1,1,0
7e367c1c14cbf662,coder_10,0,1,1,1,0,0
7da7e72218c1dd7e,coder_10,0,1,0,0,0,0
fae669db48c269d1,coder_10,0,1,0,0,0,0
36cd2e9eeedab2f9,coder_10,0,1,0,1,0,1
c9d6f1eca8cab79a,coder_10,0,1,1,0,1,0
1e4bf232dc0b61e2,coder_10,0,1,0,1,0,1
1e409631373c5f58,coder_10,1,0,0,0,0,0
5aff31c545df15f8,coder_10,0,1,0,0,1,1
89a23a01e4184c6c,coder_10,0,1,0,0,0,1
87fcb9b3c99f519a,coder_10,0,1,1,1,1,0
34550fe0892a0744,coder_10,0,1,1,0,0,0
8fb1b7b7087d0795,coder_10,0,1,0,1,0,0
292d5f2242d01b88,coder_10,0,1,0,0,1,0
95a224b8e545520b,coder_10,0,1,0,1,0,0
a5bf5d227a7ccdc3,coder_10,1,0,0,0,0,0
37554fcd9230a43e,coder_10,0,1,1,1,1,0
34319ba146838fe1,coder_10,1,0,0,0,0,0
a255d0bb9b85dcca,coder_10,0,1,0,0,1,0
6e1eea5cc6c1271b,coder_10,0,1,0,1,0,0
81c4b2a4006aaff0,coder_10,0,1,1,1,0,0
ee2fe95dfd99208e,coder_10,0,1,0,0,0,0
eb8f8392134d87e6,coder_10,0,1,0,0,0,0
99e8e9a6a6ab6773,coder_10,0,1,1,1,0,0
43f4caf2a6c50ac1,coder_10,0,1,1,1,0,0
df55704a494f6716,coder_10,0,1,0,1,0,1
a14753f2981f0a64,coder_10,0,1,0,0,0,0
8ce68d41db6a63f7,coder_10,0,1,0,1,0,0
a93593403079284d,coder_10,0,1,0,1,0,0
02179e601a8b6759,coder_10,0,1,0,0,0,0
a130352847cefa08,coder_10,0,1,0,1,0,0
003e9e28e07099b1,coder_10,0,1,0,1,1,1
2197c216e2c6cd0c,coder_10,0,1,0,1,0,0
587e34bbcdef9442,coder_10,0,1,0,1,0,1
d52b6cf8ef3b4a62,coder_10,1,0,0,0,0,0
ec3444b55485bba5,coder_10,0,1,0,1,0,1
0f86d5d3ec97b8cc,coder_10,0,1,0,0,0,0
030978aa0e1a51a0,coder_10,0,1,0,0,0,1
d452265f06cabae0,coder_10,0,1,1,1,0,1
b4019d5acb466522,coder_10,0,1,0,1,1,1
95b10c65994e8a5c,coder_10,0,1,1,0,0,0
b78299b18bd704ab,coder_10,0,1,0,0,0,0
e3d2a7ce3ffb85a7,coder_10,0,1,0,1,1,1
44e1b2f91eeaab8a,coder_10,0,1,1,1,1,1
6b1ad46dd8b84357,coder_10,0,1,0,1,1,0
08a746c571990f26,coder_10,0,1,1,1,1,0
89259700a8431f59,coder_10,0,1,0,0,0,1
2b51ec0af4a944c4,coder_10,0,1,0,0,0,1
f4b0a80f11465680,coder_10,0,1,1,1,1,0
947a0f839c2880fc,coder_10,0,1,0,0,0,1
ae2a70482d759436,coder_10,0,1,0,1,1,0
ead8b10fec8ba81d,coder_10,0,1,0,1,0,0
157226c5db056386,coder_10,0,1,0,0,1,0
64804e8210de0e09,coder_10,0,1,0,0,0,0
e907ee7342d795be,coder_10,0,1,0,1,0,1
d37aeb384e0e6645,coder_10,0,1,0,0,0,0
de183aa703cfc176,coder_10,0,1,0,0,1,0
76e376ae80698235,coder_10,0,1,1,1,0,0
759ecc798b6c8129,coder_10,0,1,0,0,0,0
9f40ed971b70aff0,coder_10,0,1,1,1,1,1
a5dfe25af9c62ea6,coder_10,0,1,0,0,1,1
b316776b79830b28,coder_10,0,1,0,1,0,0
1803225cfd93e040,coder_10,0,1,1,0,0,0
8eea54e37936b266,coder_10,0,1,1,1,0,1
f42b9e6503bd9da8,coder_10,0,1,0,0,1,0
a6af5eb2b68c91a0,coder_10,0,1,0,1,0,0
24cc98c9f10b68d1,coder_10,0,1,0,1,0,1
0e72af0aacecd747,coder_10,0,1,1,0,0,0
0132861d036dd8fc,coder_10,0,1,0,1,0,0
82fce0bcbd272843,coder_10,0,1,0,0,0,1
633c2a3da82a6366,coder_10,0,1,1,1,1,1
7e8bc733bcaebccc,coder_10,1,0,0,0,0,0
b1844a6bf275e2ba,coder_10,1,0,0,0,0,0
abe03cc56c7a33ec,coder_10,0,1,0,1,1,1
526e972a161b57e8,coder_10,0,1,1,1,0,0
a23b38d249b450d9,coder_10,0,1,1,1,0,0
9b08aca7358e6c91,coder_10,1,0,0,0,0,0
a21687854ada7fcd,coder_10,0,1,1,1,0,1
a643ddbae76fab0f,coder_10,0,1,0,0,0,0
45412b48bd2b0dcf,coder_10,0,1,0,0,0,0
ed3bd9bbfc466f8a,coder_10,0,1,0,0,0,0
77e96e084642b034,coder_10,0,1,1,1,1,0
8cbcb667cb69f7c7,coder_10,0,1,0,1,0,1
8ca9605024cde9a9,coder_10,0,1,1,1,0,0
b98d0d03b78d6816,coder_10,1,0,0,0,0,0
c0e41120ccceb8b2,coder_10,1,0,0,0,0,0
18cd1b5f92df1d2e,coder_10,1,0,0,0,0,0
c795445c693c7753,coder_10,0,1,0,1,1,1
9f9dd71f78741fd0,coder_10,0,1,0,1,0,0
56fdd6e7f43fc8d7,coder_10,0,1,0,1,0,1
a5ca257262dc1953,coder_10,0,1,0,1,1,0
0729312ed0f8fa78,coder_10,0,1,0,1,1,0
01e9640a592e7d2c,coder_10,0,1,0,0,0,1
cfd9f51736225c6f,coder_10,0,1,1,1,0,0
82730b2ea8764def,coder_10,1,0,0,0,0,0
9c0067403626f3be,coder_10,0,1,0,1,0,1
bb1907f7877a23aa,coder_10,0,1,0,1,0,0
01834b57ea3e7677,coder_10,0,1,0,1,0,0
f8734e0f371d789a,coder_10,0,1,0,1,0,0
cf3c206c573a1444,coder_10,0,1,0,1,0,1
2800139642067e3f,coder_10,1,0,0,0,0,0
a4441bda6d7db968,coder_10,0,1,0,0,0,0
8a80595c5c39897a,coder_10,0,1,0,1,0,0
11e122da4dcb9c3a,coder_10,0,1,0,0,0,1
9df49156eb5de976,coder_10,0,1,0,1,0,0
40174c09c0f0647b,coder_10,1,0,0,0,0,0
0355739d78485f38,coder_10,0,1,1,1,0,1
e367838bd26000b1,coder_10,0,1,1,0,0,0
7dcee8f86f542b3f,coder_10,0,1,0,1,0,1
734199d06c91f494,coder_10,0,1,0,1,0,1
e851af788d7fa47a,coder_10,0,1,0,1,0,0
f7d6b69ac5a7247c,coder_10,0,1,0,1,0,0
63547ad61da91da3,coder_10,1,0,0,0,0,0
63230aee2c60acaf,coder_10,1,0,0,0,0,0
bc2020893cb10bfc,coder_10,0,1,0,0,0,0
1f30b5add0e10bf5,coder_10,0,1,0,1,1,1
2f2492efed48119e,coder_10,0,1,0,0,0,0
f048c525873bd4dc,coder_10,0,1,1,0,0,0
590d6b22e179e0e7,coder_10,0,1,0,0,0,0
3ea6bd63cc54a35d,coder_10,0,1,0,0,0,0
931a2d3948e6a129,coder_10,0,1,0,1,0,0
e21b5fbec880e490,coder_10,0,1,0,1,0,0
83dc0e65fb2fb0b5,coder_10,0,1,0,1,0,0
7655173867770a14,coder_10,0,1,0,1,0,0
49c416a699f1ac40,coder_10,1,0,0,0,0,0
eb87b363649e25e2,coder_10,0,1,0,1,1,0
5483443fb5f52aba,coder_10,0,1,0,0,0,0
bcd2bb1197589a50,coder_10,0,1,0,1,0,0
29f604da391778ad,coder_10,0,1,0,1,0,1
1e895cb0312a262d,coder_10,0,1,0,1,0,0
d719e44ea3f8592c,coder_10,0,1,0,0,0,0
1023862f89306f65,coder_10,0,1,1,1,1,0
e760f49e57d10fe2,coder_10,1,0,0,0,0,0
e25d7202be15b5e3,coder_10,0,1,0,0,0,1
