doc_id,llm_ATT,llm_SN,llm_PBC,llm_SAT,llm_BI,llm_score_ATT,llm_score_SN,llm_score_PBC,llm_score_SAT,llm_score_BI,llm_flag
55aeaf57b58f0e14,1,0,1,1,1,1.0,0.0,0.8,1.0,1.0,0
30e89376f5fc14e3,1,0,0,1,1,1.0,0.0,0.0,1.0,1.0,0
0729312ed0f8fa78,1,0,1,1,0,0.8,0.0,0.7,0.8,0.0,0
75818b26d1e426f7,1,0,0,1,1,1.0,0.0,0.0,1.0,1.0,0
4304de03891fe91e,1,0,0,1,0,1.0,0.0,0.0,1.0,0.0,0
10967c36bf1c2575,1,0,1,1,0,0.8,0.0,0.9,0.7,0.0,0
13acddb4179e8ace,1,1,0,1,0,0.9,0.8,0.0,0.8,0.0,0
28b21bf9b8dec819,1,1,1,1,0,1.0,0.8,0.9,1.0,0.0,0
566c63443e70f413,1,0,1,1,1,1.0,0.0,1.0,1.0,1.0,0
590d6b22e179e0e7,1,0,0,1,0,1.0,0.0,0.0,1.0,0.0,0
0b834643fda8ab21,1,1,1,1,0,1.0,1.0,0.8,1.0,0.0,0
20ea01ae7b1b8496,1,0,0,1,1,1.0,0.0,0.0,1.0,1.0,0
08a746c571990f26,1,1,1,1,0,1.0,1.0,1.0,1.0,0.0,0
b6be0de27561dd3a,1,0,1,1,0,1.0,0.0,1.0,1.0,0.0,0
ac5bfc4f969ed2cc,1,0,1,1,1,1.0,0.0,0.9,1.0,1.0,0
ecfca42fecaa5dd8,1,1,0,1,1,1.0,0.5,0.0,1.0,1.0,0
1c8a567c8fca1f3b,1,0,0,1,0,1.0,0.0,0.0,1.0,0.0,0
845a24e46ce951ae,1,0,1,1,1,0.9,0.0,0.9,0.9,1.0,1
f42b9e6503bd9da8,1,0,0,1,1,1.0,0.0,0.0,1.0,1.0,0
9ec854b8817bd88d,1,1,1,1,0,1.0,1.0,1.0,1.0,0.0,0
02c5abc2c6f12a13,1,1,0,1,0,0.8,1.0,0.0,0.9,0.0,0
67e74c5ef616796a,1,1,1,1,1,1.0,0.5,1.0,1.0,1.0,0
5d4ac7cf15a29fda,1,0,0,1,1,1.0,0.0,0.0,1.0,1.0,0
8ce68d41db6a63f7,1,0,1,1,0,1.0,0.0,1.0,1.0,0.0,0
92b0fbd57a6de27d,1,1,1,1,1,1.0,1.0,1.0,1.0,1.0,0
7ab168a2238884e7,1,1,1,1,0,1.0,0.8,0.9,1.0,0.0,0
c6cbe07a2c8522c4,1,0,1,1,0,1.0,0.0,1.0,1.0,0.0,0
1fc2e275babe7597,1,1,1,1,0,1.0,1.0,1.0,1.0,0.0,0
83dc0e65fb2fb0b5,1,1,1,1,1,1.0,0.5,0.5,1.0,1.0,0
4e1d9543d5d7b9ba,1,0,1,1,0,1.0,0.0,1.0,1.0,0.0,0
d7389c7994562d97,1,0,1,1,1,1.0,0.0,1.0,1.0,1.0,0
1820f020d783829f,1,0,1,1,1,1.0,0.0,0.8,1.0,1.0,0
68c8bdd3ddde5fa4,1,1,1,1,1,1.0,1.0,1.0,1.0,1.0,0
34ef3f4b24e4e9c6,1,0,1,1,1,1.0,0.0,0.8,1.0,1.0,0
a4911321940a7aee,1,1,0,1,1,1.0,1.0,0.0,1.0,1.0,0
40648751a1ac4f2b,1,1,1,1,0,1.0,0.8,0.9,1.0,0.0,0
429231e10a40f726,1,1,1,1,0,1.0,0.8,0.9,1.0,0.0,0
29f30ddc197181e9,1,1,1,1,0,1.0,1.0,1.0,1.0,0.0,0
c9f24855b28b5e81,1,1,0,1,1,1.0,1.0,0.0,1.0,1.0,0
f7815f1f1e17f443,1,1,0,0,0,1.0,1.0,0.0,0.0,0.0,0
31a104466591b8e6,1,1,1,1,0,1.0,1.0,0.8,1.0,0.0,0
1803225cfd93e040,1,1,1,1,0,1.0,1.0,1.0,1.0,0.0,0
d719e44ea3f8592c,1,0,1,1,0,0.85,0.0,0.9,0.8,0.0,0
158e9586cc28bb28,1,1,1,1,1,1.0,1.0,1.0,1.0,1.0,0
e21b5fbec880e490,1,0,1,1,0,0.9,0.0,0.8,0.9,0.0,0
8eea54e37936b266,1,1,1,1,1,1.0,0.5,0.8,1.0,1.0,0
e04f61cb06445da8,1,0,1,1,1,1.0,0.0,1.0,1.0,1.0,0
0132861d036dd8fc,1,1,1,1,0,0.9,0.8,0.9,0.9,0.0,0
e64f668906dd7bfe,1,0,1,1,1,1.0,0.0,1.0,1.0,1.0,0
42f4ae8e28ba0e6e,1,0,1,1,0,0.9,0.0,0.8,0.8,0.0,0
e367838bd26000b1,1,1,1,1,1,1.0,1.0,0.8,1.0,0.8,0
d452265f06cabae0,1,1,1,1,1,1.0,1.0,0.8,1.0,1.0,0
b761c69ddb1912ae,1,1,0,1,1,1.0,0.8,0.0,0.9,1.0,0
39c80054fc3c4e76,1,0,1,1,0,1.0,0.0,1.0,1.0,0.0,0
fad860b74802a828,1,0,1,1,0,0.6,0.0,0.4,0.6,0.0,0
fdd53442f6d91706,1,0,0,1,0,0.9,0.0,0.0,0.8,0.0,0
e51c730bac31abd0,1,0,0,1,0,0.8,0.0,0.0,0.7,0.0,0
b42362ff457eefb3,1,0,1,1,0,1.0,0.0,1.0,1.0,0.0,0
6ca5ce66732a8dec,1,0,0,1,0,0.2,0.0,0.0,0.2,0.0,0
9a4603c9a2fa194e,1,1,1,1,1,1.0,0.8,0.9,1.0,1.0,0
8d55973d900811b5,1,0,0,1,0,1.0,0.0,0.0,1.0,0.0,0
7e367c1c14cbf662,1,1,1,1,0,1.0,1.0,1.0,1.0,0.0,0
ae2a70482d759436,1,0,1,1,0,1.0,0.0,1.0,1.0,0.0,0
b9f6c3aec8864788,1,1,1,1,0,1.0,1.0,1.0,1.0,0.0,0
366a39c0a5464bab,1,0,1,1,0,0.9,0.0,0.9,0.9,0.0,0
9c0067403626f3be,1,1,1,1,1,1.0,0.5,1.0,1.0,1.0,0
57883d5f991508e0,1,0,1,1,0,0.6,0.0,0.3,0.4,0.0,0
4a9659679d39e894,1,1,1,1,0,1.0,1.0,0.8,1.0,0.0,0
af579f54292b44cd,1,1,0,1,1,1.0,1.0,0.0,1.0,1.0,0
c27c7bfa28a242ee,1,1,0,1,0,1.0,0.8,0.0,1.0,0.0,0
656d96208b11f6e5,1,0,1,1,0,0.9,0.0,0.8,0.8,0.0,0
a6af5eb2b68c91a0,1,0,0,1,0,1.0,0.0,0.0,1.0,0.0,0
091b61942dffb784,1,0,1,1,1,0.9,0.0,0.8,0.8,1.0,0
49519893c317a1a7,1,0,1,1,0,0.95,0.0,0.8,0.9,0.0,0
e3d2a7ce3ffb85a7,1,0,1,1,1,1.0,0.0,1.0,1.0,1.0,0
05ad3ebb07b7321c,1,1,0,1,1,1.0,1.0,0.0,1.0,1.0,0
43f4caf2a6c50ac1,1,1,1,1,0,0.9,0.8,0.9,0.9,0.0,0
dd0f87a31194bbe1,1,1,1,1,0,1.0,1.0,1.0,1.0,0.0,0
8ee82a69d79468b8,1,0,0,1,0,1.0,0.0,0.0,1.0,0.0,0
6560e2197eb113e9,1,0,1,1,1,1.0,0.0,1.0,1.0,1.0,0
2d8afdfb00071e19,1,1,1,1,0,1.0,1.0,1.0,1.0,0.0,0
53b0bed69486f04b,1,0,0,1,1,1.0,0.0,0.0,1.0,1.0,0
12a3d84c816f73f6,1,0,1,1,1,1.0,0.0,1.0,1.0,1.0,0
a23b38d249b450d9,1,1,1,1,0,1.0,1.0,1.0,1.0,0.0,0
3509b5e0cd4e3127,1,1,0,1,1,0.9,0.8,0.0,0.9,0.6,0
17c374e4e11d66ed,1,0,1,1,0,1.0,0.0,1.0,1.0,0.0,0
cfbc64bd475f2499,1,1,1,1,0,0.8,0.9,0.7,0.9,0.0,0
761d9bb08b16dc24,1,1,1,1,0,0.9,0.8,0.9,0.8,0.0,0
703fc825618a2682,1,0,0,1,1,1.0,0.0,0.0,1.0,1.0,0
bf36071ccc9fece2,1,1,1,1,0,1.0,1.0,1.0,1.0,0.0,0
5aff31c545df15f8,1,0,0,1,1,1.0,0.0,0.0,1.0,1.0,0
b78299b18bd704ab,1,1,1,1,0,1.0,0.5,0.5,1.0,0.0,0
26eae2c592f85ee0,1,1,1,1,0,1.0,0.8,0.9,0.9,0.0,0
12f9533fda2a47e1,1,0,0,1,0,1.0,0.0,0.0,1.0,0.0,0
414f8089afd3430e,1,0,1,1,1,1.0,0.0,1.0,1.0,1.0,0
2210cdda65f5d08c,1,1,0,1,0,1.0,1.0,0.0,1.0,0.0,0
a00eec23dece34e7,1,0,1,1,0,1.0,0.0,1.0,1.0,0.0,0
1baaf1b72a0c969e,1,0,0,1,0,0.9,0.0,0.0,0.9,0.0,0
ed3bd9bbfc466f8a,1,0,0,1,0,1.0,0.0,0.0,1.0,0.0,0
80219744f5c5fbb2,1,1,1,1,0,0.8,1.0,0.9,0.7,0.0,0
aac75dafdb8e1f58,1,0,1,1,0,1.0,0.0,0.8,1.0,0.0,0
77e96e084642b034,1,1,1,1,0,1.0,1.0,0.8,1.0,0.0,0
a130352847cefa08,1,0,1,1,0,1.0,0.0,1.0,1.0,0.0,0
44e1b2f91eeaab8a,1,1,1,1,1,0.9,0.8,0.9,0.9,1.0,0
62284900bf69b8b5,1,0,0,1,1,1.0,0.0,0.0,1.0,1.0,0
926d138bba90825b,1,1,0,1,0,1.0,1.0,0.0,1.0,0.0,0
86307c852003f85b,1,0,0,1,0,0.9,0.0,0.0,0.9,0.0,0
243fab856fcb9106,1,1,1,1,0,0.9,0.8,0.7,0.8,0.0,0
c449e9c8464460a7,1,0,1,1,0,0.9,0.0,0.9,0.8,0.0,0
82fce0bcbd272843,1,0,0,1,1,1.0,0.0,0.0,1.0,1.0,0
67cd2bd018c9faac,1,0,1,1,1,0.9,0.0,0.8,0.8,1.0,0
0eff9422bdf9d817,1,1,0,1,1,1.0,1.0,0.0,1.0,1.0,1
7ac7bd110859a7d4,1,0,1,1,1,0.9,0.0,0.9,0.8,0.9,0
2739ca5537423553,1,0,0,1,0,1.0,0.0,0.0,1.0,0.0,0
3a3c35b6f07ebd31,1,1,0,1,1,1.0,1.0,0.0,1.0,1.0,0
ff3ebbf0edc9a177,1,1,1,1,0,1.0,1.0,0.8,1.0,0.0,0
bcd89f044345835d,1,1,1,1,0,1.0,1.0,0.5,1.0,0.0,0
d6c01526c9270370,1,0,0,1,0,1.0,0.0,0.0,1.0,0.0,0
151eb0230b93bf71,1,1,1,1,0,0.9,0.8,0.8,0.8,0.0,0
cace08bc0fb88539,1,1,1,1,0,1.0,1.0,0.8,1.0,0.0,0
0f86d5d3ec97b8cc,1,0,0,1,0,1.0,0.0,0.0,1.0,0.0,0
a6ea0de9ee6a43c5,1,0,1,1,0,0.9,0.0,0.8,0.8,0.0,0
975afdc14dbfd822,1,1,1,1,1,1.0,1.0,0.8,1.0,1.0,0
9e360450a2d72654,1,0,0,1,0,1.0,0.0,0.0,1.0,0.0,0
6b1ad46dd8b84357,1,0,1,1,0,0.9,0.0,0.9,0.9,0.0,0
eb87b363649e25e2,1,1,1,1,0,0.95,0.8,0.9,0.9,0.0,0
6423876cf017311c,1,0,0,1,1,1.0,0.0,0.0,1.0,1.0,0
712996fb56291b09,1,1,0,1,0,1.0,0.5,0.0,1.0,0.0,0
7bbacd8b61d398c7,1,0,0,1,0,1.0,0.0,0.0,1.0,0.0,0
9b56bbb4d8e203d6,1,0,0,1,0,0.9,0.0,0.0,0.8,0.0,0
030978aa0e1a51a0,1,0,0,0,1,0.9,0.0,0.0,0.0,1.0,0
ec3444b55485bba5,1,0,1,1,1,0.9,0.0,0.8,0.8,0.9,0
c8a89061b4d5536a,1,1,1,1,1,1.0,1.0,0.8,1.0,1.0,0
932cc2857a0472f6,1,1,0,0,0,0.8,0.9,0.0,0.0,0.0,0
a2c05e2dd1e83eb7,1,1,0,0,0,1.0,1.0,0.0,0.0,0.0,0
c01201eb7f401c2f,1,1,1,1,0,1.0,1.0,0.8,1.0,0.0,0
595ae6c2ab317dd3,1,0,1,1,0,1.0,0.0,1.0,1.0,0.0,0
e64e34b1c4beedaf,1,0,0,1,0,1.0,0.0,0.0,1.0,0.0,0
0de07906f9d010ad,1,1,1,1,1,1.0,1.0,1.0,1.0,1.0,0
cdd8766419fcf567,1,1,1,1,1,1.0,0.5,0.5,1.0,0.5,0
74ccfce8aa82b320,1,0,1,1,0,1.0,0.0,1.0,1.0,0.0,0
43a986242eeb1cab,1,0,1,0,0,0.6,0.0,0.7,0.0,0.0,0
1850605ca29d4ba2,1,0,0,1,0,1.0,0.0,0.0,1.0,0.0,0
71acbfa52beab04a,1,1,1,1,1,1.0,1.0,1.0,1.0,1.0,0
8aaf0ba65884f116,1,0,0,1,1,0.3,0.0,0.0,0.2,0.0,0
c7e69ce227252546,1,1,1,1,1,1.0,1.0,0.8,1.0,1.0,0
4d514c0aa2fef60c,1,0,1,1,1,1.0,0.0,0.8,0.9,1.0,0
4a696e86ef80080e,1,1,0,1,0,0.9,0.8,0.0,0.8,0.0,0
893a40566b250b1c,1,1,1,1,0,1.0,1.0,1.0,1.0,0.0,0
80eaf6e80a9757fe,1,1,0,1,0,0.9,0.8,0.0,0.8,0.0,0
80d2dc8fa02b035b,1,0,0,1,1,0.9,0.0,0.0,0.8,0.9,0
93ad7ccb0813b907,1,0,1,1,0,0.6,0.0,0.8,0.5,0.0,0
075df893cac68fae,1,0,1,1,1,1.0,0.0,1.0,1.0,1.0,0
c687afab2c9e87da,1,1,0,1,0,1.0,1.0,0.0,1.0,0.0,0
dd95d41ef305e027,1,0,0,1,0,0.2,0.0,0.0,0.2,0.0,0
0ce90b86d79a4227,1,1,1,1,1,0.8,0.9,0.7,0.6,1.0,0
50bafa1f7c36006b,1,0,1,1,0,0.9,0.0,0.8,0.8,0.0,0
ead8b10fec8ba81d,1,0,1,1,0,0.85,0.0,0.9,0.75,0.0,0
157226c5db056386,1,0,0,1,0,1.0,0.0,0.0,1.0,0.0,0
525a0a66b8dd2738,1,1,0,1,0,1.0,1.0,0.0,1.0,0.0,0
d815fd9581444db2,1,0,0,1,0,0.9,0.0,0.0,0.8,0.0,0
8f22b7e630feb493,1,0,1,1,1,1.0,0.0,1.0,1.0,1.0,0
7c041242bef71758,1,0,1,1,1,1.0,0.0,1.0,1.0,1.0,0
0a08a1cac37b683a,1,1,1,1,0,0.8,0.9,0.9,0.7,0.0,0
036a64394f8d30a5,1,0,0,1,0,1.0,0.0,0.0,1.0,0.0,0
631d7503bcbc77ab,1,1,1,1,1,1.0,1.0,0.8,1.0,1.0,0
8d779fcd1ff2659f,1,1,1,1,0,1.0,0.5,1.0,1.0,0.0,0
c19facdbed1b5aad,1,1,1,1,0,1.0,0.8,0.9,1.0,0.0,0
eb8f8392134d87e6,1,0,0,1,0,1.0,0.0,0.0,1.0,0.0,0
af56ae503ff89db2,1,0,0,1,0,1.0,0.0,0.0,1.0,0.0,0
69e19e12d114e983,1,1,1,1,1,1.0,0.5,1.0,1.0,1.0,0
0d52a9143305e204,1,0,1,1,0,1.0,0.0,1.0,1.0,0.0,0
f18e70af293c09d8,1,0,1,1,0,1.0,0.0,1.0,1.0,0.0,0
f78139d0c97df944,1,0,1,1,0,1.0,0.0,0.8,0.9,0.0,0
fae669db48c269d1,1,0,0,1,0,0.5,0.0,0.0,0.5,0.0,0
7410c7dbcc7c67a5,1,1,0,1,1,1.0,0.8,0.0,1.0,1.0,0
27647753b6914f91,1,0,0,1,1,1.0,0.0,0.0,1.0,1.0,0
cf2dff01dbd83722,1,1,1,1,1,1.0,0.8,0.9,1.0,1.0,0
610f0aa1d683cc55,1,0,0,1,0,1.0,0.0,0.0,1.0,0.0,0
16146890efc6974d,1,0,1,1,0,1.0,0.0,0.8,1.0,0.0,0
beb86923741eb185,1,1,1,1,1,1.0,0.8,0.9,1.0,1.0,0
8fb1b7b7087d0795,1,0,1,1,0,1.0,0.0,1.0,1.0,0.0,0
01834b57ea3e7677,1,0,1,1,0,1.0,0.0,1.0,1.0,0.0,0
69b7b68ee94e61b4,1,1,0,1,1,0.8,0.9,0.0,0.7,0.9,0
947a0f839c2880fc,1,0,0,1,1,0.9,0.0,0.0,0.8,1.0,0
9bdcba3d101287e4,1,0,1,1,0,1.0,0.0,1.0,1.0,0.0,0
f5325f6d7943bfa8,1,1,0,1,0,1.0,1.0,0.0,1.0,0.0,0
2623ec5fa72e48c6,1,0,1,1,0,1.0,0.0,1.0,1.0,0.0,0
406556e6ff5e40db,1,1,0,1,0,1.0,1.0,0.0,1.0,0.0,0
ebe57db2e3b35171,1,0,0,1,0,0.8,0.0,0.0,0.9,0.0,0
77064e4364aef2d2,1,1,1,1,0,1.0,1.0,1.0,1.0,0.0,0
64d2714bf0620dbe,1,1,1,1,0,1.0,1.0,1.0,1.0,0.0,0
5483443fb5f52aba,1,0,0,0,0,0.9,0.0,0.0,0.0,0.0,0
0929f1f77490c090,1,0,0,1,1,1.0,0.0,0.0,1.0,1.0,0
6dcc836a72fc3057,1,1,1,1,0,1.0,1.0,0.8,1.0,0.0,0
6e1eea5cc6c1271b,1,0,0,1,1,1.0,0.0,0.0,1.0,1.0,0
9f40ed971b70aff0,1,1,0,1,1,1.0,1.0,0.0,1.0,1.0,0
e9bfa98c5f2095c9,1,0,0,1,0,1.0,0.0,0.0,1.0,0.0,0
284db35bd4329940,1,1,1,1,0,1.0,0.8,0.9,1.0,0.0,0
eb9b86479464a110,1,1,0,1,0,1.0,0.5,0.0,1.0,0.0,0
1997a350becaff52,1,0,0,1,0,1.0,0.0,0.0,1.0,0.0,0
44a6199c6fb8f6ea,1,0,0,1,0,1.0,0.0,0.0,1.0,0.0,0
2b51ec0af4a944c4,1,0,1,1,1,1.0,0.0,0.8,1.0,1.0,0
d2f0345cc5031445,1,1,1,1,0,1.0,0.8,0.9,1.0,0.0,0
bb1907f7877a23aa,1,0,1,1,0,0.85,0.0,0.9,0.8,0.0,0
a14753f2981f0a64,1,0,0,1,0,1.0,0.0,0.0,1.0,0.0,0
9f9dd71f78741fd0,1,0,1,1,0,0.9,0.0,0.8,0.8,0.0,0
bbec17190023093d,1,0,0,1,0,1.0,0.0,0.0,1.0,0.0,0
540c3e98424b22a8,1,0,0,1,0,0.8,0.0,0.0,0.7,0.0,0
9209054ac5fd2ebc,1,0,1,1,1,0.9,0.0,0.8,0.9,1.0,0
7c8761f86c052321,1,0,0,1,1,1.0,0.0,0.0,1.0,1.0,0
5159b0feccd45775,1,1,0,1,1,1.0,1.0,0.0,1.0,1.0,0
a5dfe25af9c62ea6,1,0,0,1,1,1.0,0.0,0.0,1.0,1.0,0
dca6a6e0065962e2,1,0,1,1,0,1.0,0.0,1.0,1.0,0.0,0
d9991bb18a854344,1,0,0,1,0,0.9,0.0,0.0,0.8,0.0,0
d8547a6b5fd3d3fb,1,0,0,1,0,1.0,0.0,0.0,1.0,0.0,0
7e40009df820bd05,1,1,0,1,0,0.5,0.5,0.0,0.4,0.0,0
dc45751a432e538f,1,1,1,1,1,0.9,0.8,0.9,0.8,0.7,0
ca42e577de6ad444,1,0,1,1,0,1.0,0.0,1.0,1.0,0.0,0
69fb6503eb33da35,1,0,1,0,1,0.9,0.0,0.9,0.0,1.0,0
3f605ad4238e6b69,1,0,0,1,0,1.0,0.0,0.0,1.0,0.0,0
b999b322a45fe22f,1,0,1,0,1,1.0,0.0,1.0,0.0,1.0,0
72345b764fb7f8a8,1,0,0,1,1,1.0,0.0,0.0,1.0,1.0,0
01e9640a592e7d2c,1,0,0,1,1,1.0,0.0,0.0,1.0,1.0,0
16b573dccec2a201,1,0,1,1,0,1.0,0.0,1.0,1.0,0.0,0
574114e12a677b14,1,0,1,1,1,1.0,0.0,1.0,1.0,1.0,0
a5ca257262dc1953,1,0,1,1,1,1.0,0.0,1.0,1.0,1.0,0
eb5997a513a3d01f,1,1,1,1,0,1.0,1.0,1.0,1.0,0.0,0
bc02d31ed880fa01,1,0,1,1,0,0.9,0.0,0.8,0.8,0.0,0
8e6cdf2d2569a510,1,1,1,1,0,0.9,0.8,0.8,0.9,0.0,0
b624f4ff10243771,1,0,1,1,0,1.0,0.0,1.0,1.0,0.0,0
11b1952a55369329,1,0,0,1,1,1.0,0.0,0.0,1.0,1.0,0
b4019d5acb466522,1,1,1,1,1,1.0,0.5,1.0,1.0,1.0,0
c0c1bef541647e61,1,1,1,1,0,0.3,0.5,0.8,0.2,0.0,0
112db47a929309a6,1,0,0,0,0,0.6,0.0,0.0,0.0,0.0,0
a21687854ada7fcd,1,1,1,1,1,1.0,1.0,1.0,1.0,1.0,0
c95ca5784779f40a,1,0,0,1,0,1.0,0.0,0.0,1.0,0.0,0
af5c95434b6ec1ce,1,0,0,1,0,0.7,0.0,0.0,0.4,0.0,0
12509e3309b20963,1,0,0,1,0,1.0,0.0,0.0,1.0,0.0,0
fd1d8d262aad71a0,1,1,1,1,0,0.8,0.5,0.6,0.7,0.0,0
4ddf1b58e47f50b7,1,0,1,1,0,0.9,0.0,0.8,0.8,0.0,0
aba3732d020df14a,1,1,1,1,0,0.9,0.8,0.9,0.8,0.0,0
fb243cccb0f5b94e,1,0,1,1,0,1.0,0.0,1.0,1.0,0.0,0
89259700a8431f59,1,0,0,1,1,0.9,0.0,0.0,0.8,1.0,0
804d5cfaa72e48cc,1,0,0,1,1,1.0,0.0,0.0,1.0,1.0,0
0e72af0aacecd747,1,1,0,0,0,1.0,0.5,0.0,0.0,0.0,0
d37aeb384e0e6645,1,0,0,1,0,1.0,0.0,0.0,1.0,0.0,0
a4441bda6d7db968,1,0,1,1,0,0.9,0.0,0.8,0.8,0.0,0
61717df242dbef8a,1,0,0,1,0,1.0,0.0,0.0,1.0,0.0,0
5b525dd7ecbebe7f,1,1,1,1,0,1.0,1.0,1.0,1.0,0.0,0
5aad713b75ebb9c0,1,0,1,1,0,1.0,0.0,1.0,1.0,0.0,0
7d36851bffd630df,1,0,0,1,1,1.0,0.0,0.0,1.0,1.0,0
c4876a0e1c172484,1,1,0,1,1,1.0,0.5,0.0,1.0,1.0,0
1d7cfa57fde5b16e,1,0,1,1,0,1.0,0.0,0.8,1.0,0.0,0
a8cfca8da746fad9,1,1,1,1,1,0.9,0.8,0.8,0.9,0.9,0
4355e850f8148baf,1,0,0,0,0,0.9,0.0,0.0,0.0,0.0,0
1ff1a8f4ebbf47ba,1,0,0,1,1,1.0,0.0,0.0,1.0,1.0,0
845d294de551e8ea,1,0,0,1,0,1.0,0.0,0.0,1.0,0.0,0
055d0a3c69f69cc0,1,0,0,1,0,1.0,0.0,0.0,1.0,0.0,0
87e88842b25186d2,1,1,0,1,1,1.0,1.0,0.0,1.0,1.0,0
509250d06f10a205,1,0,1,1,0,1.0,0.0,0.8,1.0,0.0,0
ef8c0ecf1d96ae4f,1,0,0,1,1,1.0,0.0,0.0,1.0,1.0,0
e8a9c1b19b4ecda9,1,0,0,0,0,0.9,0.0,0.0,0.0,0.0,0
657c38035ab9803a,1,0,1,1,0,1.0,0.0,1.0,1.0,0.0,0
432fc4506e697735,1,0,0,1,1,1.0,0.0,0.0,1.0,1.0,0
e504d03127399213,1,0,1,1,0,0.7,0.0,0.8,0.6,0.0,0
2aa03c29672362b6,1,0,1,1,0,1.0,0.0,1.0,1.0,0.0,0
2bf77bd37ab6d6fe,1,0,0,1,0,1.0,0.0,0.0,1.0,0.0,0
f95ce6274c2061ec,1,0,0,1,0,0.9,0.0,0.0,0.8,0.0,0
5b316aa22634c14e,1,0,0,1,0,0.3,0.0,0.0,0.2,0.0,0
2c151581119152c3,1,0,1,1,1,1.0,0.0,0.8,1.0,1.0,0
af424282153ec41c,1,0,1,1,0,1.0,0.0,0.8,1.0,0.0,0
8cbcb667cb69f7c7,1,0,0,1,1,1.0,0.0,0.0,1.0,1.0,0
f048c525873bd4dc,1,1,0,1,0,1.0,1.0,0.0,1.0,0.0,0
95a083df180c03f0,1,1,1,1,0,0.2,0.8,0.3,0.1,0.0,0
8b8adc4067287e4b,1,1,1,1,1,1.0,1.0,1.0,1.0,1.0,0
37554fcd9230a43e,1,1,1,1,0,0.95,0.9,0.8,0.9,0.0,0
6ffa16b437af481e,1,1,1,1,0,0.9,0.8,0.8,0.8,0.0,0
3e1d8d12f033a427,1,0,1,1,0,1.0,0.0,0.8,1.0,0.0,0
7f629dce7f63d035,1,1,1,1,0,0.9,0.8,0.7,0.8,0.0,0
f2f4addea79a83f6,1,0,1,1,0,0.05,0.0,0.2,0.05,0.0,0
41240f06f09974c6,1,0,1,1,1,0.9,0.0,0.8,0.8,1.0,0
a0ee543b6cd0c1b7,1,0,1,1,0,1.0,0.0,1.0,1.0,0.0,0
ced982178a5dcf9b,1,0,0,1,0,1.0,0.0,0.0,1.0,0.0,0
36cd2e9eeedab2f9,1,1,1,1,1,1.0,0.5,1.0,1.0,1.0,0
063f791a1582388d,1,0,0,1,0,1.0,0.0,0.0,1.0,0.0,0
87fcb9b3c99f519a,1,1,1,1,0,1.0,0.5,1.0,0.8,0.0,0
833b8972834ca888,1,1,1,1,1,1.0,1.0,1.0,1.0,1.0,0
76e376ae80698235,1,1,1,1,0,1.0,1.0,1.0,1.0,0.0,0
292d5f2242d01b88,1,0,0,1,0,1.0,0.0,0.0,1.0,0.0,0
2e1486dd5855f7d9,1,0,1,1,0,1.0,0.0,1.0,1.0,0.0,0
06c9937e7b3c62c3,1,1,0,1,0,1.0,1.0,0.0,1.0,0.0,0
0f3a6e354ae5150b,1,1,1,1,1,0.95,0.8,0.9,0.95,0.9,0
cfe5c146bcc15ab1,1,0,0,1,0,1.0,0.0,0.0,1.0,0.0,0
4e14a7bfd5fa01e8,1,0,0,1,0,1.0,0.0,0.0,1.0,0.0,0
e5c0145e2c7f4458,1,0,1,1,0,0.9,0.0,0.8,0.8,0.0,0
1bb0ee8b98a35872,1,0,0,1,0,1.0,0.0,0.0,1.0,0.0,0
89a23a01e4184c6c,1,0,0,1,1,1.0,0.0,0.0,1.0,1.0,0
15187669f0945d0a,1,0,1,1,0,0.5,0.0,0.8,0.4,0.0,0
058136ae8c747e7f,1,0,1,0,1,0.8,0.0,0.9,0.0,1.0,0
af411e27a72c2ffb,1,0,0,1,1,1.0,0.0,0.0,1.0,1.0,0
7dd7081cc3995594,1,1,1,1,0,1.0,1.0,1.0,1.0,0.0,0
0da1f6c78259bc09,1,0,1,1,0,1.0,0.0,0.8,1.0,0.0,0
ce44ef4c9c5ccb79,1,1,0,1,0,1.0,1.0,0.0,1.0,0.0,0
c3e6ef2fed3ce730,1,1,1,1,0,1.0,0.8,0.9,1.0,0.0,0
c7b3e91ca82973a0,1,1,1,1,0,1.0,1.0,1.0,1.0,0.0,0
073caaa812b71f47,1,0,0,1,1,1.0,0.0,0.0,1.0,1.0,0
e9d1b9955f471667,1,0,0,1,1,1.0,0.0,0.0,1.0,1.0,0
b692216898936dbf,1,0,1,1,1,1.0,0.0,1.0,1.0,1.0,0
6b74a4410b565773,1,0,1,1,0,1.0,0.0,1.0,1.0,0.0,0
1f3e5237669b4124,1,0,1,1,1,1.0,0.0,1.0,1.0,1.0,0
a643ddbae76fab0f,1,0,0,1,0,1.0,0.0,0.0,1.0,0.0,0
9df49156eb5de976,1,0,1,1,1,1.0,0.0,1.0,1.0,1.0,0
759ecc798b6c8129,1,0,0,1,0,0.9,0.0,0.0,0.8,0.0,0
b316776b79830b28,1,0,1,1,0,1.0,0.0,1.0,1.0,0.0,0
652870333fa9a051,1,0,1,1,0,1.0,0.0,0.8,1.0,0.0,0
f90196a9a30a3c4c,1,0,1,1,0,0.9,0.0,0.8,0.8,0.0,0
0694fc02b24cd1b2,1,0,1,1,0,0.8,0.0,0.9,0.7,0.0,0
b2c648d0b9651ab4,1,0,1,1,1,0.9,0.0,0.8,0.8,1.0,0
a64eb1183038bf2d,1,0,1,1,1,1.0,0.0,0.8,0.9,1.0,0
cea74810e85a3d48,1,1,1,1,0,1.0,1.0,1.0,1.0,0.0,0
0f97aabfdfdd4003,1,1,1,1,1,1.0,0.8,0.9,1.0,1.0,0
52aadb41ff1ac30f,1,1,1,1,0,0.9,0.8,0.9,0.9,0.0,0
a255d0bb9b85dcca,1,0,0,1,0,1.0,0.0,0.0,1.0,0.0,0
e8bff19665740b8b,1,1,1,1,1,0.9,0.8,0.6,0.9,1.0,0
f69777da16a8d9b9,1,0,0,1,0,1.0,0.0,0.0,1.0,0.0,0
7dcee8f86f542b3f,1,0,1,1,1,1.0,0.0,1.0,1.0,1.0,0
c9d6f1eca8cab79a,1,1,1,1,0,1.0,1.0,0.8,1.0,0.0,0
ab644f2e14941153,1,0,1,1,0,0.8,0.0,0.9,0.7,0.0,0
569d6ff8e23ff3af,1,0,1,1,0,1.0,0.0,1.0,1.0,0.0,0
cfd9f51736225c6f,1,1,1,1,1,1.0,1.0,1.0,1.0,1.0,0
95b10c65994e8a5c,1,1,0,1,0,1.0,1.0,0.0,1.0,0.0,0
d843c4cf3d44295a,1,0,0,1,0,1.0,0.0,0.0,1.0,0.0,0
7105a8c03338c74b,1,0,1,1,0,0.9,0.0,0.8,0.8,0.0,0
c219425926caea76,1,0,1,1,0,1.0,0.0,1.0,1.0,0.0,0
b5b3ea74af6049e4,1,0,0,1,0,1.0,0.0,0.0,1.0,0.0,0
8ca9605024cde9a9,1,0,0,1,0,1.0,0.0,0.0,1.0,0.0,0
7ac67c2aeff0c453,1,0,1,1,1,1.0,0.0,1.0,1.0,1.0,0
1697fa2d01e47577,1,1,1,1,0,1.0,1.0,1.0,1.0,0.0,0
321bedcc1eadbb94,1,1,1,1,1,1.0,0.5,1.0,1.0,1.0,0
bcd2bb1197589a50,1,0,1,1,0,1.0,0.0,1.0,1.0,0.0,0
f8734e0f371d789a,1,0,1,1,1,1.0,0.0,1.0,1.0,1.0,0
29f604da391778ad,1,0,1,1,1,1.0,0.0,1.0,1.0,1.0,0
2567a1f032b94938,1,1,0,1,0,0.9,0.8,0.0,0.8,0.0,0
4dd20ab2c4d5a252,1,0,1,1,0,1.0,0.0,0.8,0.9,0.0,0
0355739d78485f38,1,1,1,1,1,1.0,1.0,0.8,1.0,1.0,0
1657cada841bb938,1,0,0,1,1,1.0,0.0,0.0,1.0,1.0,0
64804e8210de0e09,1,0,0,1,0,1.0,0.0,0.0,1.0,0.0,0
d7be4082c007d3d3,1,0,0,1,1,1.0,0.0,0.0,1.0,1.0,0
45412b48bd2b0dcf,1,0,0,1,0,1.0,0.0,0.0,1.0,0.0,0
24cc98c9f10b68d1,1,0,1,1,1,1.0,0.0,1.0,1.0,1.0,0
a7410464d4466569,1,1,1,1,0,0.8,0.5,0.6,0.6,0.0,0
cf3c206c573a1444,1,0,0,1,1,1.0,0.0,0.0,1.0,1.0,0
42224234d4ca120e,1,1,1,1,1,1.0,0.8,0.9,0.9,1.0,0
1e5835047db558cf,1,0,0,1,0,1.0,0.0,0.0,1.0,0.0,0
45b763218974084f,1,0,0,1,1,1.0,0.0,0.0,1.0,1.0,0
6b62790e339f3e5f,1,0,1,1,0,1.0,0.0,1.0,1.0,0.0,0
b1ccb826d24b6dde,1,0,0,1,0,1.0,0.0,0.0,1.0,0.0,0
e1c011e1c5824e2b,1,0,0,1,1,1.0,0.0,0.0,1.0,1.0,0
3475ce6a61307eff,1,1,0,1,0,1.0,1.0,0.0,1.0,0.0,0
89597909fbb80804,1,0,0,1,0,1.0,0.0,0.0,1.0,0.0,0
e851af788d7fa47a,1,0,1,1,0,1.0,0.0,1.0,1.0,0.0,0
2db024e1a6dc1e3c,1,0,0,0,0,1.0,0.0,0.0,0.0,0.0,0
5a096fbbf9165170,1,0,1,1,0,1.0,0.0,0.8,1.0,0.0,0
fa77ad0329820aa5,1,1,1,1,0,1.0,1.0,1.0,1.0,0.0,0
11e122da4dcb9c3a,1,0,0,1,1,1.0,0.0,0.0,1.0,1.0,0
1f206a90ae53fa24,1,1,1,1,0,0.8,0.7,0.9,0.9,0.0,0
478f485441b2e4bd,1,0,1,1,0,0.9,0.0,0.8,0.8,0.0,0
81c4b2a4006aaff0,1,1,1,1,0,1.0,1.0,1.0,1.0,0.0,0
7b5d6d64bd843684,1,0,0,1,1,0.9,0.0,0.0,0.8,1.0,0
66ddee3f06cc81ab,1,0,1,1,0,1.0,0.0,1.0,1.0,0.0,0
71fc59d98ab8abce,1,0,1,1,0,1.0,0.0,1.0,1.0,0.0,0
5033b7996afdf1e5,1,1,1,1,0,1.0,1.0,0.8,1.0,0.0,0
ad6d1ef017e4f161,1,0,1,1,1,1.0,0.0,1.0,1.0,1.0,0
5ca290ff95cd9049,1,1,1,1,0,1.0,0.8,0.9,1.0,0.0,0
0da89ed6a4ccb825,1,1,1,1,1,0.8,0.6,0.9,0.7,1.0,0
56fdd6e7f43fc8d7,1,0,1,1,1,1.0,0.0,0.8,1.0,1.0,0
ac3fdae9501834a3,1,1,1,1,0,1.0,1.0,1.0,1.0,0.0,0
e7f141d635aca699,1,1,1,1,0,1.0,1.0,0.8,1.0,0.0,0
321f3ff19a738c0b,1,0,0,1,0,1.0,0.0,0.0,1.0,0.0,0
983255136f15f5d4,1,1,1,1,0,1.0,1.0,1.0,1.0,0.0,0
3830bcac7edb50df,1,1,1,1,0,1.0,0.8,0.6,1.0,0.0,0
ee484523615422f9,1,1,0,1,0,0.4,0.8,0.0,0.3,0.0,0
63fca546adaef305,1,1,1,1,0,0.8,0.9,0.8,0.7,0.0,0
8ce5a2462cc21b9b,1,1,1,1,0,1.0,1.0,0.8,1.0,0.0,0
693599303382a70f,1,1,1,1,0,1.0,0.8,0.9,1.0,0.0,0
1e4bf232dc0b61e2,1,1,1,1,1,1.0,1.0,1.0,1.0,1.0,0
115a389fa5081a88,1,1,1,1,0,0.6,1.0,0.8,0.5,0.0,0
3ea6bd63cc54a35d,1,0,0,0,0,0.9,0.0,0.0,0.0,0.0,0
23c55dfcfc9a9aad,1,0,0,1,0,0.9,0.0,0.0,0.8,0.0,0
8a80595c5c39897a,1,0,1,1,0,0.8,0.0,0.7,0.8,0.0,0
4956343101d72b49,1,1,0,1,1,1.0,0.5,0.0,1.0,1.0,0
d0df05d8eda342af,1,1,1,1,1,1.0,0.5,0.8,1.0,1.0,0
c89d28227fe55c25,1,1,0,0,0,1.0,1.0,0.0,0.0,0.0,0
947b35783713ae0e,1,0,1,1,0,1.0,0.0,1.0,1.0,0.0,0
b7ca63b3342be509,1,1,1,1,1,1.0,1.0,1.0,1.0,1.0,0
dec753eb83295ac5,1,0,1,1,0,0.9,0.0,0.9,0.8,0.0,0
de183aa703cfc176,1,0,0,1,0,1.0,0.0,0.0,1.0,0.0,0
00a7c14684622c60,1,1,0,1,0,1.0,1.0,0.0,1.0,0.0,0
2c76b302c8115d4b,1,0,1,1,0,1.0,0.0,0.8,1.0,0.0,0
86176440a036d61e,1,0,1,1,0,1.0,0.0,1.0,1.0,0.0,0
4b1f406ff6ed1ca9,1,0,1,1,1,1.0,0.0,1.0,1.0,1.0,0
19c9ff30861c670e,1,0,1,1,0,1.0,0.0,1.0,1.0,0.0,0
7b1f4921a5853779,1,0,1,1,1,0.85,0.0,0.9,0.75,0.6,0
0ec18327a7ed95fc,1,0,1,1,1,0.8,0.0,0.3,0.9,0.9,0
f261465dae53fac4,1,1,1,1,1,1.0,0.8,0.9,1.0,1.0,0
78cc4d95983766b0,1,0,1,1,1,1.0,0.0,0.8,1.0,1.0,0
df55704a494f6716,1,0,0,1,1,1.0,0.0,0.0,1.0,1.0,0
231ebb115f79eeed,1,1,1,1,1,1.0,1.0,0.8,1.0,1.0,0
0b7cb37a968a4dfa,1,0,1,1,1,1.0,0.0,1.0,1.0,1.0,0
e6d5518d13d8fb42,1,0,0,0,0,1.0,0.0,0.0,0.0,0.0,0
de03c5f37fce415b,1,1,1,1,1,0.9,0.8,0.9,0.8,1.0,0
4fc86fb866cd37d3,1,0,1,1,0,1.0,0.0,1.0,1.0,0.0,0
1f30b5add0e10bf5,1,0,1,1,1,1.0,0.0,1.0,1.0,1.0,0
f4b0a80f11465680,1,1,1,1,0,1.0,1.0,1.0,1.0,0.0,0
e907ee7342d795be,1,0,1,1,1,1.0,0.0,1.0,1.0,1.0,0
d203054544e8ada0,1,1,1,1,0,1.0,0.8,0.9,1.0,0.0,0
6bd190b0865f49ee,1,1,1,1,0,1.0,0.5,1.0,1.0,0.0,0
c4b4fc1b3bb97047,1,0,1,1,1,1.0,0.0,1.0,1.0,1.0,0
969621346b5414a6,1,0,1,1,1,0.6,0.0,0.8,0.4,0.8,0
e5ba04f0cfd7463a,1,0,0,1,0,0.9,0.0,0.0,0.8,0.0,0
ac76a2cbe38635ae,1,1,1,1,1,0.9,0.8,0.6,0.8,1.0,0
95d4cdd9014f9d6b,1,0,1,1,1,1.0,0.0,0.8,1.0,1.0,0
13b40829063d5698,1,1,1,1,0,1.0,1.0,1.0,1.0,0.0,0
6faaa136b26922df,1,0,0,1,1,0.9,0.0,0.0,0.8,1.0,0
14f6e3baa3c0a2fc,1,0,0,0,0,0.8,0.0,0.0,0.0,0.0,0
95a224b8e545520b,1,0,0,1,0,0.8,0.0,0.0,0.7,0.0,0
c795445c693c7753,1,0,1,1,1,1.0,0.0,0.8,1.0,1.0,0
6b363273c71304f6,1,1,1,1,0,1.0,1.0,1.0,1.0,0.0,0
34550fe0892a0744,1,1,0,1,1,1.0,1.0,0.0,1.0,1.0,0
917530fcbe86bcfd,1,0,1,1,1,1.0,0.0,1.0,1.0,1.0,0
4032831688deae3c,1,0,1,1,0,1.0,0.0,0.8,0.9,0.0,0
1fa3fddceffa6672,1,1,1,1,0,0.8,0.6,0.9,0.7,0.0,0
7789b73215c401c1,1,1,1,1,1,1.0,1.0,1.0,1.0,1.0,0
734199d06c91f494,1,0,1,1,1,1.0,0.0,1.0,1.0,1.0,0
7ba73216f5de8746,1,0,1,1,0,1.0,0.0,1.0,1.0,0.0,0
3d00214f2166e6f5,1,0,1,1,1,1.0,0.0,0.8,1.0,1.0,0
003e9e28e07099b1,1,0,1,1,1,0.9,0.0,0.8,0.8,1.0,0
0425083f51db1d6d,1,1,1,1,0,1.0,1.0,1.0,1.0,0.0,0
ad268328da125fd1,1,0,1,1,0,1.0,0.0,1.0,1.0,0.0,0
6a90d86d269f1619,1,1,1,1,0,1.0,1.0,1.0,1.0,0.0,0
54cce9c7d182f6ca,1,0,1,1,0,1.0,0.0,1.0,1.0,0.0,0
defb9991976a5a9a,1,0,0,1,1,0.8,0.0,0.0,0.6,1.0,0
311578408b203797,1,0,0,1,0,0.7,0.0,0.0,0.6,0.0,0
1803926cb351683d,1,0,1,1,1,1.0,0.0,0.8,1.0,1.0,0
c35789d29e1c9c3e,1,0,1,1,1,1.0,0.0,0.8,1.0,1.0,0
6d311e6fd8bfb11b,1,0,1,1,1,1.0,0.0,0.8,1.0,1.0,0
2c886b92be2b3be0,1,0,1,1,1,1.0,0.0,1.0,1.0,1.0,0
dac118b0c41985a1,1,1,1,1,0,1.0,1.0,1.0,1.0,0.0,0
2c8e84ffd196701a,1,1,1,1,0,0.8,0.5,0.3,0.6,0.0,0
95615599f99d465d,1,0,0,1,0,1.0,0.0,0.0,1.0,0.0,0
7da7e72218c1dd7e,1,0,0,1,0,0.3,0.0,0.0,0.3,0.0,0
1e895cb0312a262d,1,0,1,1,0,1.0,0.0,1.0,1.0,0.0,0
abe03cc56c7a33ec,1,1,1,1,1,1.0,0.8,0.9,1.0,1.0,0
80b8db92c3960f15,1,1,1,1,1,1.0,1.0,0.8,0.9,0.8,0
8a0c01693a06078e,1,1,1,1,0,1.0,1.0,1.0,1.0,0.0,0
4289e3004374a6a4,1,0,0,1,0,1.0,0.0,0.0,1.0,0.0,0
f7d6b69ac5a7247c,1,0,1,1,0,1.0,0.0,1.0,1.0,0.0,0
02179e601a8b6759,1,0,0,1,0,1.0,0.0,0.0,1.0,0.0,0
fbd976182a7e612b,1,1,1,1,1,1.0,0.5,1.0,1.0,1.0,0
eab40e70269b5783,1,0,1,1,1,1.0,0.0,1.0,1.0,1.0,0
ee2fe95dfd99208e,1,1,1,1,0,1.0,0.8,0.9,1.0,0.0,0
63a0189c9777faaf,1,0,1,1,0,1.0,0.0,1.0,1.0,0.0,0
435a64f2309dcda2,1,0,1,1,1,1.0,0.0,0.8,0.9,1.0,0
b86ac943f0ac249c,1,1,1,0,0,1.0,1.0,1.0,0.0,0.0,0
5589c501547d1133,1,1,0,1,0,1.0,0.5,0.0,1.0,0.0,0
bbd67263aa0df3cf,1,1,1,1,1,1.0,1.0,1.0,1.0,1.0,0
d273c1f41552971b,1,0,1,1,0,0.9,0.0,0.9,0.8,0.0,0
405466b67b0d5c65,1,1,1,1,0,0.0,0.0,0.0,0.0,0.0,0
36848bf459bdb499,1,1,1,1,0,0.9,0.8,0.9,0.8,0.0,0
db4d8ab70ea10c42,1,1,1,1,0,1.0,1.0,1.0,1.0,0.0,0
9229646389005b0d,1,1,1,1,0,1.0,1.0,1.0,1.0,0.0,0
48749ba9e32ddf25,1,1,1,1,0,1.0,1.0,1.0,1.0,0.0,0
7ec67badf1311a4d,1,0,0,1,0,1.0,0.0,0.0,1.0,0.0,0
526e972a161b57e8,1,1,1,1,0,1.0,1.0,1.0,1.0,0.0,0
0edff394b1dc942d,1,1,1,1,0,1.0,1.0,1.0,1.0,0.0,0
6039ade09dfb9a38,1,0,1,1,0,0.8,0.0,0.9,0.8,0.0,0
f0fb0fc73ee286eb,1,1,1,1,0,1.0,1.0,1.0,1.0,0.0,0
2197c216e2c6cd0c,1,0,1,1,0,0.9,0.0,0.8,0.8,0.0,0
f01fb8f33f3bce12,1,0,1,1,1,1.0,0.0,1.0,1.0,1.0,0
fd375070eaa192cc,1,0,0,1,1,1.0,0.0,0.0,1.0,1.0,0
5ae158ebaf52a027,1,0,0,1,0,1.0,0.0,0.0,1.0,0.0,0
18988ed7ed381340,1,1,1,1,1,1.0,0.8,0.9,0.9,1.0,0
edf9fcb7163c1014,1,0,0,0,1,1.0,0.0,0.0,0.0,1.0,0
3f152b759ba2fd96,1,0,0,1,1,1.0,0.0,0.0,1.0,1.0,0
b939a2bdedd74683,1,0,0,1,0,1.0,0.0,0.0,1.0,0.0,0
759c7022d785a3a6,1,0,1,0,0,0.9,0.0,0.8,0.0,0.0,0
a353632fe49178b0,1,0,1,1,1,1.0,0.0,1.0,1.0,1.0,0
bc2020893cb10bfc,1,0,0,1,0,1.0,0.0,0.0,1.0,0.0,0
ebe08b3322979dac,1,1,1,1,0,0.9,0.8,0.8,0.9,0.0,0
73433a94c6ffa3bb,1,0,1,1,1,1.0,0.0,0.9,1.0,1.0,0
59ca5d3a25816878,1,0,1,1,0,0.9,0.0,0.8,0.8,0.0,0
10c95b2b8ff1ace0,1,0,1,1,0,1.0,0.0,0.8,1.0,0.0,0
7f36c0cca28dc489,1,0,1,1,1,1.0,0.0,1.0,1.0,1.0,0
b33aab27704c07cb,1,0,1,1,1,1.0,0.0,1.0,1.0,1.0,0
3c5ab41391fe2347,1,0,1,1,0,0.9,0.0,0.8,0.8,0.0,0
4bc88c4c9a6ecc8b,1,0,1,1,1,1.0,0.0,0.8,1.0,1.0,0
ff019e877229d778,1,0,1,1,1,1.0,0.0,1.0,1.0,1.0,0
448ff7d2609d1a28,1,1,1,1,1,0.1,0.0,0.2,0.1,0.0,0
0b17884d1a5f3dd7,1,1,1,1,0,1.0,0.8,0.9,1.0,0.0,0
1023862f89306f65,1,1,1,1,0,0.9,0.8,0.9,0.9,0.0,0
8b58989bf06720be,1,1,1,1,1,1.0,0.8,1.0,1.0,1.0,0
86984d0775a13017,1,0,1,1,1,0.8,0.0,0.9,0.7,1.0,0
33ffa53fe7587a61,1,0,1,1,0,1.0,0.0,1.0,1.0,0.0,0
6e39d1bf1c5eba7b,1,1,0,1,1,1.0,0.5,0.0,1.0,1.0,0
79b3bd0e020b2843,1,0,1,1,1,1.0,0.0,0.8,1.0,1.0,0
842b288e772385c4,1,0,1,1,0,0.9,0.0,0.4,0.9,0.0,0
633c2a3da82a6366,1,1,1,1,1,1.0,1.0,1.0,1.0,1.0,0
587e34bbcdef9442,1,1,1,1,1,1.0,0.5,1.0,1.0,1.0,0
95ab5c33a818cbef,1,1,0,1,1,1.0,1.0,0.0,1.0,1.0,0
faf5bab3a3682441,1,1,1,1,0,1.0,1.0,1.0,1.0,0.0,0
e25d7202be15b5e3,1,0,0,1,1,1.0,0.0,0.0,1.0,1.0,0
3a8548614e4f80f0,1,0,1,1,1,1.0,0.0,1.0,1.0,1.0,0
cd92cb24c245aed8,1,1,0,1,0,1.0,1.0,0.0,1.0,0.0,0
f3e39eb1d3b1d48f,1,0,1,1,0,1.0,0.0,1.0,1.0,0.0,0
99e8e9a6a6ab6773,1,1,1,1,0,1.0,1.0,1.0,1.0,0.0,0
483806672e9f89c1,1,1,1,1,0,1.0,1.0,0.8,0.9,0.0,0
93a469bb729bd385,1,1,1,1,0,1.0,0.8,0.9,1.0,0.0,0
3871839b86c17b11,1,0,1,1,1,1.0,0.0,0.8,0.9,1.0,0
e918f8791b57ce88,1,0,1,1,0,1.0,0.0,1.0,1.0,0.0,0
2f2492efed48119e,1,0,0,1,1,1.0,0.0,0.0,1.0,1.0,0
2a4a0da333293042,1,0,0,1,0,1.0,0.0,0.0,1.0,0.0,0
931a2d3948e6a129,1,0,1,1,0,1.0,0.0,1.0,1.0,0.0,0
a93593403079284d,1,0,1,1,0,0.9,0.0,0.8,0.8,0.0,0
26d48b2f884758a9,1,1,1,1,1,1.0,1.0,1.0,1.0,1.0,0
7655173867770a14,1,0,1,1,0,1.0,0.0,1.0,1.0,0.0,0
a8bcf27c23afdf75,1,0,0,1,1,0.6,0.0,0.0,0.4,0.8,0
b6422a283e528704,1,0,0,1,0,0.8,0.0,0.0,0.6,0.0,0
b8fed77d6ff9c3d4,1,1,0,1,1,1.0,1.0,0.0,1.0,1.0,0
30c0d7bb7bbae785,1,0,1,1,0,0.9,0.0,0.8,0.8,0.0,0
1661f12ae18c9d8e,1,1,1,1,0,1.0,1.0,1.0,1.0,0.0,0
94e420d8c84045b9,1,1,1,1,1,0.9,0.8,0.8,0.9,0.9,0
a44c554622ffe5ca,1,1,1,1,0,1.0,1.0,0.8,1.0,0.0,0
c0e41120ccceb8b2,1,1,1,1,0,1.0,1.0,1.0,1.0,0.0,1
fd5cc70aa5438e28,1,0,1,1,0,1.0,0.0,1.0,1.0,0.0,1
48830d5c81389b33,1,1,0,1,1,1.0,1.0,0.0,1.0,1.0,0
56c75fff900bfb8e,1,1,0,1,0,1.0,1.0,0.0,1.0,0.0,1
1e609803ffb0a252,1,1,1,1,1,1.0,0.8,1.0,1.0,1.0,1
a1b58c6079b567f0,1,0,0,1,0,1.0,0.0,0.0,1.0,0.0,1
2bb741a0c2d6760b,1,0,0,1,1,1.0,0.0,0.0,1.0,1.0,1
d3dd05cb7a7a8780,1,1,1,1,0,1.0,1.0,1.0,1.0,0.0,1
473268953ccc3571,1,1,1,1,1,1.0,0.5,0.8,1.0,1.0,0
57fee75ef73d9fd4,1,0,1,1,0,0.9,0.0,0.8,0.9,0.0,1
ecc60c04ef384ffc,1,0,1,1,0,0.8,0.0,0.8,0.7,0.0,1
6a19289c3b300da7,1,0,0,1,0,1.0,0.0,0.0,1.0,0.0,1
2398d8c63ed3e564,1,0,1,1,0,0.8,0.0,0.9,0.8,0.0,1
009b07cd5ea86ceb,1,1,1,1,0,1.0,1.0,1.0,1.0,0.0,1
e32c427d26f94ccf,1,0,1,1,0,1.0,0.0,1.0,1.0,0.0,1
1be9750122154fdf,1,1,1,1,1,1.0,1.0,1.0,1.0,1.0,1
d6aebda390d407c3,1,1,0,1,0,1.0,1.0,0.0,1.0,0.0,1
49c416a699f1ac40,1,0,1,1,0,1.0,0.0,1.0,1.0,0.0,1
2800139642067e3f,1,0,0,1,0,1.0,0.0,0.0,1.0,0.0,1
9ca7bcee040f45ba,0,0,0,0,0,0.0,0.0,0.0,0.0,0.0,1
90a6798f72c5a773,1,1,1,1,0,1.0,1.0,1.0,1.0,0.0,1
f6be6787d958c833,1,0,1,1,1,1.0,0.0,1.0,1.0,1.0,1
ad516d7560cf85d2,0,0,0,0,0,0.0,0.0,0.0,0.0,0.0,1
40174c09c0f0647b,1,0,1,1,1,1.0,0.0,1.0,1.0,1.0,1
890adb56993efc6c,1,1,1,1,0,1.0,1.0,1.0,1.0,0.0,1
ebd4bef324de9769,1,0,1,1,1,1.0,0.0,0.8,1.0,1.0,1
a93b8cdf1ecb82a7,1,1,1,1,1,1.0,1.0,1.0,1.0,1.0,1
291b71ecfb5da047,1,1,1,1,0,1.0,1.0,1.0,1.0,0.0,1
1833d97b090725bb,1,1,1,1,0,1.0,1.0,0.8,1.0,0.0,1
fe47675f8c32939f,1,1,1,1,1,1.0,1.0,1.0,1.0,1.0,1
a077edc8091473af,1,0,1,1,1,1.0,0.0,0.8,1.0,1.0,1
0f45d13e26af3a95,1,1,1,1,1,1.0,1.0,1.0,1.0,1.0,1
63547ad61da91da3,1,1,1,1,1,1.0,1.0,1.0,1.0,1.0,1
a58fc02adff20ddb,1,0,1,1,1,1.0,0.0,1.0,1.0,1.0,1
e1cd238b2f2f28f2,1,0,0,1,0,0.8,0.0,0.0,0.9,0.0,1
69e602815e0737e1,1,0,0,1,1,1.0,0.0,0.0,1.0,1.0,1
63230aee2c60acaf,1,1,1,1,1,1.0,1.0,1.0,1.0,1.0,1
e665634d30c239e6,1,1,0,1,1,1.0,1.0,0.0,1.0,1.0,1
18cd1b5f92df1d2e,1,1,0,1,1,0.9,0.8,0.0,0.9,1.0,1
02459f7817e05f06,1,0,1,1,0,0.9,0.0,0.9,0.8,0.0,1
90aca822ed377a37,1,1,1,1,0,1.0,1.0,1.0,1.0,0.0,1
ffbff2ebe1c32e41,1,1,0,1,1,1.0,1.0,0.0,1.0,1.0,1
54156a058122ab69,1,0,1,1,0,0.8,0.0,0.9,0.7,0.0,1
2def5fe7ceeebf27,1,0,1,1,0,0.8,0.0,0.9,0.8,0.0,1
6641795a7f04d949,1,1,1,1,1,1.0,1.0,1.0,1.0,1.0,1
9b08aca7358e6c91,1,1,1,1,0,1.0,1.0,1.0,1.0,0.0,1
34319ba146838fe1,1,1,1,1,1,1.0,0.8,0.9,1.0,1.0,1
397dde981772345c,1,0,0,1,1,1.0,0.0,0.0,1.0,1.0,1
d57e987fb824abfd,1,0,1,1,1,1.0,0.0,1.0,1.0,1.0,1
a5bf5d227a7ccdc3,1,1,1,1,0,1.0,1.0,1.0,1.0,0.0,1
1e409631373c5f58,1,1,0,1,1,1.0,0.8,0.0,1.0,1.0,1
fba423418a034246,1,0,1,1,0,0.2,0.0,0.9,0.2,0.0,1
b1844a6bf275e2ba,1,1,1,1,1,1.0,1.0,1.0,1.0,1.0,1
77f59e37e7d71717,1,1,1,1,0,1.0,1.0,1.0,1.0,0.0,1
b43f4591d78423a5,1,0,0,1,0,1.0,0.0,0.0,1.0,0.0,1
82730b2ea8764def,1,1,1,1,1,1.0,1.0,1.0,1.0,1.0,1
b98d0d03b78d6816,1,0,1,1,1,1.0,0.0,1.0,1.0,1.0,1
e760f49e57d10fe2,1,0,1,1,0,1.0,0.0,0.9,1.0,0.0,1
5a6f5933f6921c69,1,1,1,1,0,1.0,1.0,1.0,1.0,0.0,1
c0f2d6d80d4a5238,1,1,1,1,0,0.9,0.8,0.8,0.6,0.0,1
d52b6cf8ef3b4a62,1,0,1,1,0,1.0,0.0,1.0,1.0,0.0,1
7e8bc733bcaebccc,1,1,1,1,0,0.8,0.9,0.8,0.7,0.0,1
9bab814600ec5100,1,0,0,1,0,1.0,0.0,0.0,1.0,0.0,1
552c03353db6a37e,1,0,0,1,1,0.8,0.0,0.0,0.7,1.0,1
2a60d60c8e4ad553,1,1,1,1,1,1.0,1.0,1.0,1.0,1.0,1
d9265d93b457e6c7,1,1,0,1,1,1.0,1.0,0.0,1.0,1.0,1
